yellow,1,1
Heights,0,1
Larsen,1,0
Olympics,0,1
ocean.,1,0
hanging,1,0
LAST,1,0
Western,1,0
better.,12,2
Refreshing,0,1
bringing,1,1
writing.,1,0
prize,1,0
stars.,2,2
Paul,44,11
tired,1,0
pulse,1,0
second,23,6
Terrifying,1,0
thunder,1,0
sales.,1,0
butch,1,0
hero,10,6
Happening,1,0
here,32,29
Stephanie,1,0
shock.,5,0
Dominique,5,0
sitting.,0,1
Downfall,1,0
k,1,0
controversy,1,0
NOT,6,2
military,17,12
NOW,6,2
Stand,1,0
criticism,0,1
golden,0,2
projection,1,0
Three,2,0
brought,1,0
Basin,0,1
fame.,0,1
spoke,0,2
impartiality,1,0
cannibal,1,0
symphony,1,0
music,7,1
therefore,1,0
passport,0,1
strike,1,0
Diabetes,4,0
holy,7,3
relax,3,1
successful,5,2
hurt,1,0
glass,1,1
hole,0,3
hold,8,0
believable.,0,1
morally,1,0
pursue,1,1
Ending,3,0
example,2,1
beautifully,1,0
reviewing,6,2
want,56,25
that..,1,0
absolute,8,4
around.,2,2
LA,2,1
Attention,2,1
feature,10,0
Maritime,1,0
LI,1,0
hot,6,2
win.,0,1
hop,1,0
tension.,2,0
A,34,0
Charlie.,2,0
perfection.,2,1
wrong,12,8
fictional,3,0
baggage,1,0
Fabulous,1,0
Another,6,0
wine,1,2
restriction,1,0
feedback,0,1
His,15,2
Hit,1,0
screaming,0,1
fix,0,1
Vaguely,1,0
Candid,37,0
admirable,1,0
Him,0,1
glorify,1,0
Again..,1,0
HIGH,0,1
blink,0,1
silver,0,1
DECISION,0,2
debut,7,0
mini-date,2,0
Shame,1,0
Plot,1,0
message,1,0
Foreseeing,1,0
mason,0,1
re,2,1
Super,2,2
sellout,1,0
Work,1,1
enormous,0,1
ate,4,1
Horn,13,8
Chat,133,0
Please,10,3
wash,0,1
basketball,0,2
service,1,0
needed,0,1
master,5,0
Somalians..,1,0
easy.,1,0
sure.,1,0
listen,3,0
predictably,1,0
predictable,0,2
was.,4,5
Daddy,2,0
Beautiful,3,0
peril,0,2
coward,0,1
project,2,2
endure,0,1
feeling,12,0
recheck,1,0
old.,1,0
willingness,1,0
Chicago,0,3
untrained,1,0
well.,3,0
Angels,7,0
concede.,1,0
Ass,2,0
Then,5,7
Them,1,0
guys.,1,1
Britney,0,2
Bang,0,1
Historic,1,0
defiantly,2,0
They,8,7
What.,1,0
Buddies.,0,1
Wish,3,1
cinematic,5,0
mouth,2,1
long.,2,0
letter,1,0
AMAZING.,6,0
thriller,28,10
morality,1,0
episode,2,2
FACE,0,1
scream,0,3
FACT,1,0
saying,8,6
bomb,0,3
Union,1,0
soluble,1,0
ulcer,1,0
Paradise,1,0
recliner,0,1
busy,4,1
theme,2,1
MOVIE..,1,0
Tearing,1,0
Tricky,1,0
X,416,0
Prize,13,0
incredible.,32,3
Fascinating,1,0
nicely,0,1
patch,0,1
men-,0,1
release,7,1
them.,2,1
respond,1,0
blew,9,0
fair,1,2
unexpectedly,1,0
goodnight,1,0
FABULOUS,0,1
fail,1,2
John,1,1
best,15,3
STRESS,0,1
hunker,1,0
score,8,0
pirate,70,16
men,1,0
involved.,1,0
nature,1,0
smelled,1,0
seriously.,1,0
extent,1,0
roller,3,0
pity,1,2
country,8,6
Blessed,0,2
Stratford,1,0
lot.,2,0
logic,0,1
stealth.,0,1
Closer,0,1
excited.,1,0
doubt.,0,1
money.,1,0
2nd,3,0
Telegraph,3,0
retelling,1,0
Sorry,6,1
ass..,0,2
Sitting,4,2
curiosity,2,0
.,793,287
much,49,31
privilege,1,0
life,70,8
worker,1,0
wish,10,7
lift,0,1
chill,0,1
ASAP.,4,0
gritty,2,0
Both,1,0
Patrolling,0,1
said.,1,0
anxiety..,1,0
coastguard,0,2
Die,0,1
fairly,2,0
Maybe,5,11
Commons,1,0
Stunning,3,0
Living,2,0
tune,1,0
Thank,22,9
THAT,2,0
Dismayed,0,1
Happy,4,0
alum,2,0
ham,0,2
Oscar,201,39
topical,1,0
Surely,0,1
easy,4,0
prison,2,3
casually,2,0
quirk,0,1
survival,7,4
possible,6,2
Alamo,2,0
Notebook.,1,0
sleep-,1,0
massively,1,0
seaside,0,1
remind,1,2
POUNDING,1,1
right,60,11
old,9,3
people,1,0
Literally,6,5
crown,1,0
left.,1,0
comeuppance,0,1
Palms,1,0
contributing,0,1
Fest,2,0
thrillers.,1,0
Remy,1,0
shaker,0,1
Instant,2,0
forever.,1,0
dental,0,3
starring,9,7
losing,2,0
memorable,2,0
Think,6,1
First,15,4
o,1,2
despair,1,0
slightly,3,0
Use,1,0
sob,1,0
talent.,1,0
thankful,5,0
Aaron,1,0
tomorrow..,0,1
wrap,2,0
Hank,7,2
support,4,0
constantly,1,0
DEFINITE,1,0
Heart-pounding,1,0
Haunted,1,0
greatness,1,1
Hans,1,0
happy,16,1
Kept,9,1
so.,1,0
emotions.,1,0
counting.,0,1
Seeing,158,12
handily,1,0
inside,1,0
adrenaline.,1,0
WHY,0,1
Tons,1,0
Tony,4,0
wait.,1,0
proud,10,2
Variety,20,0
Six,2,1
Josh,2,0
Squad,0,1
exist,1,1
negotiations,1,0
floor,1,0
actor,251,39
Whoa,3,0
Possibly,3,0
role,31,3
smell,2,3
roll,5,1
Suspenseful.,1,0
rolling,1,1
Brought,0,1
time,211,78
Empire,1,2
infirmary.,1,0
consumed.,1,0
chain,1,0
whoever,0,1
gut-wrenching,1,0
Films,1,0
Indiana,3,1
chair,1,0
baller,1,0
Kicking,1,0
WEEK,4,0
Film.,1,1
theater.,10,2
minute,3,4
tear,13,3
leave,7,4
team,19,9
Alright.,1,0
Kevin,2,2
spiritual,1,0
Boy,0,1
prediction,0,1
sign,4,0
Failed,1,0
heavyweight,6,0
parachuting,1,0
saw.,0,1
True,8,2
Me,3,2
roles.,1,0
Emma,1,0
Mm,0,1
Mo,2,0
Mr,9,0
alone,10,8
along,1,0
Bow,1,0
My,41,4
we'll.,1,0
ME,6,0
MD,0,1
MA,2,0
brilliant,131,3
MN,4,0
wherever,1,0
MT,17,0
MY,5,2
Packed,4,0
REAL,6,3
love,107,20
prefer,1,0
bloody,3,1
marvelous,2,0
Enough,2,0
fake,0,1
Ecuador,1,0
working,3,0
homesick,1,0
angry,1,2
Resurgence,1,0
wondering,4,1
films,1,2
Inspiration.,1,0
wicked,0,1
Barely,1,0
refrain,0,1
everywhere,1,0
film.,156,9
Pays,1,0
originally,0,1
Pops,1,0
following,2,0
Our,5,1
interstate,1,0
Out,3,0
awesome,130,4
BAD,1,0
offense,0,1
stole,6,0
Happened,0,1
Who,3,1
Why,1,3
spot,3,5
date,100,8
such,115,29
assuming.,0,1
stress,4,0
wheelchair,1,0
Catching,1,0
so,189,114
Bedtime,0,1
Barney,0,1
unacceptable,0,1
damage,1,0
course,5,4
yearn,0,2
thumb,0,1
lackluster,0,1
did.,1,0
dead.,8,4
Sister,1,0
nation,33,0
year.,28,8
Webster,0,1
cried..,1,0
Amazed,1,1
fisherman,2,14
revere,0,1
Live,1,0
Exhilarating,3,0
Learned,0,1
giddy,1,0
container,0,2
Welcome,3,0
boundless,1,0
Joe,1,0
suggesting,1,0
Jon,0,1
THANK,0,1
siege,9,0
million,0,2
possibility,1,0
quite,8,0
alumni-spotting,0,1
training,1,0
Money,1,0
Devastatingly,1,0
massive,2,1
emotion,5,1
saving,1,0
anymore.,2,0
one,8,3
vote,1,1
open,3,2
ripping,1,0
Monday,5,2
Courtesy,7,0
Thoughts,1,0
on.,3,0
proving,2,0
much.,4,0
ridiculous,0,1
boyfriend,5,2
bit.,2,0
Wanted,2,0
iceberg,0,2
Ender,2,0
so-so,0,1
future,7,0
Suggest,1,1
argument,0,1
sad,9,8
say,66,32
buried,1,0
saw,6,4
sat,0,6
aside,0,1
note,11,1
Important,1,0
take,26,10
Half,1,0
wanting,2,1
ironically,1,0
opposite,4,1
knew,0,1
time..,1,0
afternoon.,1,0
Caption,2,0
knee,0,1
knowingly,1,0
armrest,0,2
Chew,1,0
average,0,2
Rubble,0,1
drive,1,0
something.,1,0
not.,1,0
walking,54,1
grilling,3,0
skiff.,1,0
Ethiopia,1,0
bright,2,0
TIMBERS,1,0
slow,4,2
Puffy,1,1
nutshell,1,0
tears,8,0
Leadership,3,0
hockey,0,1
teary,1,5
Thriller,1,0
usual.,2,0
psychiatrist,0,1
Having,2,1
borrow,0,2
punch.,1,0
where,0,1
crazy.,2,0
vision,1,0
Away.,1,1
award.,3,0
keyboard,0,3
job.,14,0
Enjoying,0,1
Worldwide,2,0
enlightening,1,0
That,21,6
alarming,1,0
bootleg,2,0
Tavern,1,0
affecting,4,0
Instructor,1,0
man.,4,2
esp.,2,0
anyway.,0,1
screen,183,8
Boca.,1,0
steroid,0,1
awards,2,1
puerile,0,1
many,67,6
Television.,0,1
Were,1,0
comeback,1,0
Factual,1,0
boat,5,11
west,0,1
vacation,1,0
breath,13,1
acting.,14,1
Princess,2,0
Whenever,1,0
former,4,0
RUN,1,1
Goodrich,1,0
fin,1,0
Cinema,24,3
Ouch,1,0
Commander,1,0
incredibly.,0,1
situation,1,2
endured,1,0
spotlight,2,0
canoe,0,2
DIE,3,0
Oscars.,2,0
edge.,2,0
Looking,5,5
blah,0,1
fame,1,0
Refer,1,0
it..,1,4
rooting,1,0
cost.,1,0
Blood,2,0
IR.,1,0
breakdown,1,0
sickness,6,4
I,156,50
Clear,0,1
Irish.,5,1
awesomeness,5,0
pacing,1,0
hubby,0,4
summer,3,0
being,30,14
Bosom,1,1
rest,6,6
Daniel,1,0
weekly,0,1
around,2,2
Aunt,1,0
darn,1,0
vacuum,1,0
world,27,4
Example,1,0
bravery,1,1
Share,3,0
Yourself,1,0
BONES,3,0
Sharp,1,0
Agreed,2,0
clap,0,5
auditorium,2,0
Brandon,1,0
Seriously,12,3
riveting,20,0
exit,0,1
23rd,0,1
refer,1,0
think.,1,0
waited.,1,0
biased,1,0
power,4,0
dissection,0,1
poise,2,0
leadership,2,0
throwback,1,0
avg.,1,0
Stunned,0,1
industry,3,0
favorite,59,8
He-he.,2,0
side,7,0
minimalistic.,0,1
act,7,3
mean,2,6
STRESSFUL,1,0
No,41,9
Away,0,2
Acting,25,3
apologize,0,1
portrayal,11,1
Unscripted,1,0
recommend.,3,0
ass.,2,2
NO,1,0
NZ,2,0
Mombasa,1,0
bubble,1,0
NW,2,0
complete,4,3
buying,0,1
pull,2,1
rush,3,0
rescuing,1,0
Primal,0,1
ruse,1,0
Close,1,0
agree,19,4
gone,2,3
deferent,0,1
ad,0,1
certain,1,2
am,28,28
Thursday,3,0
How,3,2
as,7,2
impeccable.,1,0
cream,0,1
Real,17,2
go-see,1,0
Chose,0,1
Read,13,4
novice,1,0
tight,1,1
Atlantic,1,0
Class..,0,1
Lady,1,0
Kidnapped,1,0
Gracious,0,1
passerby,1,0
Alex,1,0
vocabulary,0,1
walk.,1,0
seriousness,2,0
inaccuracy,0,1
accent.,0,1
Absorbing,1,0
sobbing,2,0
tricks,1,0
Direct,1,0
having,6,5
Street,1,0
Rush.,1,0
original,1,1
showing.,1,0
hunting,1,0
to,1,0
tail,0,1
chewing,1,2
th,2,0
paying,4,0
Gruesome,1,0
LOOK,2,0
large,1,0
small,1,2
rankings.,1,0
hour.,1,2
Should,2,3
past,13,7
pass,0,3
Join,9,0
trick,0,3
hormonal,0,1
Capt,9,1
section,0,1
nurse,0,1
contrast,2,0
full,11,5
hours,1,1
legend,19,3
YOUTH,2,0
Justine,0,2
brutal,3,0
prior,1,0
Cap.,1,0
social,1,2
action,13,18
pica,0,2
foundation.,2,0
traumatized,1,0
captor,0,1
parties.,0,1
Plates,0,2
gosh,2,0
select,1,0
attendance,1,0
implore,0,1
watch.,8,1
gorgeous,4,1
more,1,0
door,0,1
Ray.,1,0
company,39,0
Found,1,0
Spotlight,6,8
keeping,2,1
science,1,0
EXTRAORDINARY,1,0
mall,3,0
learn,7,3
male,6,1
Your,8,0
beautiful,12,0
accept,1,0
AMAZING,28,6
sense,0,1
huge,6,3
imminent,1,0
glowing,2,0
never.,0,1
plans,0,1
soundtrack,4,1
plane,0,1
Fandango,3,18
authentic,2,0
plank,2,0
docudrama.,1,0
volleyball,4,2
Brennan,2,0
idol.,1,0
paper,1,1
smiling,1,0
ruining,1,0
Anyhow,1,0
it.,46,11
Castaway,2,5
sucker,2,0
Michael,3,1
great.,12,3
BECAUSE,0,1
all.,2,2
nauseous,1,2
Quotes,2,0
Thanks,9,2
found,0,1
shocking,1,0
populist,0,1
operation,3,1
Ross,1,0
Picture,7,2
blacks,1,0
beats.,1,0
research,2,1
Dramatic,4,0
Report,4,1
darling,1,0
Class,4,2
highway,0,2
Drama,3,2
qualify,0,1
conditioning,0,2
imagine,2,3
definition,2,0
w,10,9
testament,1,0
Reluctant,1,0
major,0,1
terrifyingly,1,0
belligerent,1,0
Combs,1,0
number,4,2
events.,1,0
KEEPS,1,0
remember.,1,0
guess,1,9
guest,1,0
jet,0,1
Started,0,2
aver,1,0
hyperventilating,2,0
Currently,1,0
appreciation,1,0
Long,5,0
Skinny,1,1
grace,0,1
Often,0,1
masterclass,2,2
Cancel,1,0
head.,2,0
Click,2,2
Movie,171,30
beforehand,1,0
shaky-cam,1,0
Fool,1,0
Kyoto,1,0
moving..,1,0
freakishly,1,0
also,26,6
unreal.,2,0
Foot,1,0
CLASS,1,1
play,10,6
riveting.,2,1
swiftly,1,0
M,1,2
saved.,1,0
plan,2,2
honey.,1,0
funnier,1,0
offensively,0,1
sometimes,1,0
cover,0,1
Casual,0,1
dragged,0,1
Cloud,2,0
golf,0,1
gold,0,2
Deadly,0,1
Had,21,6
Hay,2,0
session,1,0
Has,4,0
occupation,1,0
impact,1,0
Premiere,2,0
Gym,1,0
writer,3,1
well-crafted,1,0
factor,0,1
alive.,2,0
Holy.,4,2
Code,7,0
weeks.,1,0
cruise.,2,0
frightening,1,0
Help,2,1
cry,43,19
Unheard,1,0
Held,3,0
-Navy,1,0
kill,5,7
Aircrew,1,0
set,3,0
For,7,3
Thor.,1,0
sex,1,0
see,677,168
ad-libbed,0,1
BOY,1,0
sea,22,5
overboard,1,0
authentic.,1,0
Zeitgeist,2,0
negotiator,3,0
movie,1502,696
tho.,1,0
GREATEST,1,0
Sony,7,4
Belgian,1,1
available,2,1
lead-actors,0,1
Upload,4,0
disallow,0,1
dramatization,3,0
incident,2,0
ahoy,3,3
last,156,73
barely,1,0
Nigerian,3,0
let,2,15
whole,52,32
load,0,2
silence.,2,1
adaptation,1,0
church,1,0
Preview,2,1
hitting,0,3
Card,1,0
Care,1,0
sweetheart,1,0
ABSOLUTELY,3,0
great,505,50
Nina.,1,0
Fairfax,0,1
handling,0,1
Old,0,1
Cried,4,2
straight,5,6
budget,0,1
forgetting,0,1
Miss,1,0
heart-pounding,0,2
Market,2,0
hoping,1,3
level.,1,0
Line.,1,0
runner-up.,0,1
Viola,0,1
chasm,1,0
McFadden,0,1
funny,3,4
normal.,1,0
blown.,1,0
virtually,1,0
co-star,1,0
alert,0,1
viewing,7,1
necessity,1,0
recent,3,1
Son,0,2
yet.,3,0
person,8,1
Quality,3,0
Horrible,0,1
Opens,33,0
admission,3,0
recommended,2,0
eager,1,0
Talk,2,1
crying,17,11
Marine,1,0
cam.,0,1
On,13,5
emergency,0,1
Oh,10,1
Of,2,0
couple,5,1
Survivor.,1,0
suffering,1,0
Buzz,20,0
Or,1,0
OK,2,2
d,4,1
OH,3,1
OF,1,0
Highly,31,3
chorus,1,0
continue,3,2
surprise.,0,1
-AMAZING,0,1
FF,2,0
spring,2,0
inspirational.,1,0
Damn,5,5
sight,1,0
DEF,1,0
piracy.,18,1
Frank,0,1
religion,1,0
dating,0,1
be,208,111
bf,2,0
Look,16,7
dreams.,1,0
pal.,0,1
Y'all,1,0
IVE,1,0
anything,9,6
Suspenseful,3,1
nightmares.,0,1
hometown,1,0
disturbingly,1,0
appropriate,0,1
tricks..,0,1
unnerving,1,0
Used,1,1
spending,1,0
specifically,1,0
Uses,1,0
Encore,0,1
suit,2,0
poster,0,13
Steady,1,0
HIGHLY,2,0
link,0,1
Aura,1,0
NEED,2,0
line,11,14
Office,13,4
Jeff,1,0
Daly,1,0
Awesome,30,7
Africa,21,10
up,1,4
um,1,0
doc,10,0
alarm,1,0
Apes,1,0
WALL,1,0
surpassing,1,0
bad-ass,1,0
Splash,1,0
chat,2,0
nautical,1,0
Sierra,2,0
Bullock,2,0
rescue.,0,1
EXCLUSIVE,0,1
preventing,0,1
actors,0,1
freighter,3,0
hell.,1,0
actors.,2,0
ago,1,1
lane,3,1
land,2,1
Gripping,10,2
actor.,19,3
age,4,0
copy.,0,1
walker,0,1
grownup,0,1
hello,1,1
code,1,0
Jim,1,0
enjoyable,1,0
Doubt,0,1
Supporting,3,0
TREASURE,1,0
young,1,1
send,6,1
Glass,1,0
Step,6,0
dislike,1,0
sent,1,0
retire,2,0
unglued.,1,0
waters.,1,0
Following,0,1
crying.,3,1
magic,2,0
marry,2,0
eve,1,0
try,3,0
this,3,0
race,2,1
Patriots,2,0
thespian,1,0
Spending,1,0
shaking.,1,0
video,3,1
odd,0,1
make.,1,0
that.,6,1
business,9,6
sweaty,1,1
Ronny,1,0
Freedom,1,0
punch,1,0
delivering,2,0
everything.,3,0
Gibson,1,0
Feel,2,0
sentimentality,0,1
receive,1,0
multi-talented,1,0
titanic,1,1
popcorn,12,3
opinion,2,1
maker,1,0
Leading,1,0
standing,0,1
Solo,2,1
Sole,1,0
next,71,9
doubt,11,2
Nomination,1,0
babe,3,3
thoroughly.,1,0
sir.,2,0
rubbish,0,1
baby,13,12
Africa.,0,1
customer,1,0
high,10,4
pout,0,1
Mainly,1,0
bent,1,0
lock,2,0
rode,0,1
depiction,11,0
bend,0,1
none.,2,0
TRYING,0,1
Christmas,3,0
class.,1,0
Rosie,1,0
destroying,0,1
witnessed.,1,0
Unashamed,0,1
comedy,1,0
stand,0,1
aspiring,1,0
Ryan,6,0
Q,3,20
demonstrating,1,0
USA.,0,1
counter,2,0
One,2,1
allot,1,0
Laugh,2,0
classy,1,0
enthralled.,0,1
Aye,2,0
move,11,0
outlook,1,0
Wave,1,0
perfect,20,0
earn,3,1
mediocre,2,1
bothering,0,1
Honored,1,0
transparent,0,1
Pointing,0,2
Sam,1,0
Sad,2,0
VIP,3,0
truth,8,1
Saw,134,25
STAR,0,1
doing,12,6
society,1,0
Vermonters,0,1
witness,1,0
Very,40,5
superbly,2,0
hilarious,2,0
Nail-biter,0,1
Trying,3,0
shut,0,2
Grove,1,0
surely,1,0
tho..,1,0
Meet,1,0
scary,6,5
Gripping.,1,0
Point,1,0
replaying,1,0
Jesus,3,1
length,0,1
blown,1,1
Review,33,8
scene,130,16
short.,1,0
reference,2,0
percussion,1,0
Disneyland,1,0
exhilarating,2,0
painful,0,1
stomach,0,1
stars,0,1
HERE,5,0
elite,2,0
later.,0,1
was..,2,0
Hanks..,3,0
Shutdown,1,0
steep,0,1
ITS,1,0
well-acted.,0,1
false,5,0
beggar,1,1
viewer,1,1
intriguingly,4,0
tonight,81,14
gentle,0,1
element,1,0
clearly,2,0
Emotionally,1,0
BIG,1,1
hangover,1,0
persistence,1,0
accuracy,2,0
Thank-you,1,0
HOLY,2,0
courtesy,1,0
random-ass,1,0
Somebody,2,1
thrilling.,1,0
placement,0,1
Prisoners,11,3
face,3,2
Bawled,0,1
fact,8,2
Checked,1,0
Rug,1,0
bring,3,1
luck.,0,1
Independence,1,0
principal,0,1
Whoa.,2,0
pause,2,0
jaw,0,1
buttons,1,0
Strong,2,0
hope,19,6
meant,0,1
insight,1,1
handle,4,0
Applause,4,0
Whether,2,0
lucky,3,1
Keep,4,0
Once,6,3
Rating,1,2
CRAZY,0,1
finest.,0,1
Resolve,1,0
stuff,9,3
guessing,2,0
CRY,1,1
finale.,1,0
edition,1,0
once.,0,1
Pi,1,0
packed,2,0
Pm,1,0
PR,0,1
PT,2,0
Vermont-,1,0
WARNING,0,1
injustice,1,0
PE,1,0
Jackman,5,0
Vastly,1,0
faceless,1,0
Dramatic.,1,0
lawsuit,1,0
unflinching,0,1
drug,0,1
Screens,1,0
etc,3,0
Special,1,0
Inspiring,1,0
co,1,1
Christ,3,0
Her,4,0
cc,3,0
ca,2,0
Hey,12,2
SHAKING,2,0
Meadows,1,0
Director,2,0
Get,121,3
SPLASH,1,0
DAMN,0,3
Faultless,1,0
feather,1,0
waste,0,2
Expand,1,0
Stations,0,1
Slightly,1,0
movies-to-see,0,1
Pulling,0,1
Battle,1,0
ultra,1,0
insanely,4,1
lush,1,0
surprisingly,6,0
sad.,0,1
hardware,1,0
ransom,3,1
tattoo,1,0
terrorist,1,0
digging,0,1
terrorism,1,0
RUDE,1,0
Medical,1,0
drink,1,1
v.,2,0
core.,1,0
pleasantly,1,0
seats..,1,0
off,1,1
re-cut,1,0
piracy,37,2
command,4,0
Need,9,1
Up,2,3
Unbelievable,3,4
Hijacking,5,1
wee,1,3
realize,1,0
wet,0,3
Pirate.,0,1
wimpy,0,1
Unfortunately,1,0
government,3,0
checking,3,5
Shipping,1,0
Dinner,7,4
five,1,0
moment.,1,1
fantail,1,0
Thrillers,1,0
tick,1,0
though..,1,0
Seating,1,0
call.,1,0
Pirates,16,5
Warning,2,1
become,1,1
footage,2,0
Actor,31,2
immortal,1,0
DOWN,2,1
Mother.,1,0
recognition,1,0
Upcoming,1,0
literally,14,6
Montana,1,0
hearted.,2,0
blowing,4,0
schedule,1,0
performances.,7,0
disappointed-,2,0
pressure,2,2
vs.,2,0
hiding,0,1
sister,3,0
documentary,2,3
swimming,0,1
STOP,2,0
commitment,1,0
WHILE,1,0
nomination.,0,1
fine-bodied,1,0
Easiest,1,0
Essay,1,0
Well,67,12
life..,1,0
Must-see,4,1
count,2,0
official,1,1
excitement,1,1
convince,1,0
blistering.,1,0
nominations,1,0
CIA,1,1
Executive,1,0
Castaway.,1,1
ASAP,14,0
West,7,0
hanks..,1,0
nonetheless,1,0
deadly,1,0
lately,4,0
Understand,1,0
again.,14,4
in.,52,1
U,9,3
epilogue,1,0
inspiration,1,1
stunt,0,1
rule,0,1
Philly,1,0
magnetic,2,0
controversial,1,0
NYC,1,1
Vinci,7,0
Watch,18,7
daze,2,0
regal,0,2
worth,62,15
ale,1,0
Military,1,0
relentlessly,0,3
ending.,3,0
triumph,2,0
Take,13,7
chew,1,0
okay.,1,0
seas.,1,0
equal.,3,0
others.,1,0
Generating,20,0
Game,3,9
CAMERA,1,0
toll,1,0
officially,9,0
told,1,1
SPOILER,1,1
phone.,1,0
Shed,0,1
daughter,5,0
Tuesday,4,4
Mr.,18,3
crap,7,7
Suspense,0,1
smoke,0,1
bunker,1,0
aka,2,0
Orleans,1,0
secure,2,0
FUCK,1,1
highly,44,0
bro,0,13
times..,1,0
total,1,2
plot,1,3
Star,0,2
motivate,1,0
negative,1,2
Stay,3,1
seriously,8,21
screenplay.,0,1
potential.,0,1
GOOD.,1,0
reevaluate,1,0
award,33,4
Teams,0,1
blocking,1,0
Gilligan,1,0
word,18,6
wore,1,1
Tracy's.,0,1
infirmary,0,1
work,43,6
EVER,12,3
Stressful,1,0
Swan,1,0
worse,0,1
Peaks,0,1
agony,1,0
Atalanta,1,0
rookie,1,0
interview,10,0
disappoint,14,0
Weekend,6,2
pizza,1,0
lad,1,0
Ocean,0,1
Will,17,1
Wild,2,0
suing,1,0
law,0,1
US,19,7
boat.,2,1
appreciate,3,0
green,2,1
Trust,4,0
make,49,20
Eye,1,0
office,6,17
Jackass,1,0
choices.,0,1
somewhere,0,1
production,3,0
Evan,1,0
Rumor,0,1
then,21,20
coffee,2,0
Ditto,1,0
Survivor,1,0
safe,12,6
Analysis,2,0
break,3,2
band,1,1
bang,1,1
Arrow,2,0
wusses.,0,1
l,0,1
phenomenal.,15,0
Type,14,3
Scary,5,1
standard,0,2
amazement,2,0
Scare,0,1
Cambridge,1,0
recovering,1,0
National,2,0
flawless,4,0
AMERICAN,2,0
camera.,1,0
EVERYBODY,0,1
Going,22,3
Coast,2,2
approximately,0,1
scene.,3,2
Uncle,1,0
Foothill,0,1
Nintendo,2,0
BELIEVE,1,0
Judgment,0,1
B,2,0
happily,0,1
Edge,11,2
SHIT,1,1
Set,1,0
target,0,1
thrills.,0,1
rate,6,1
unmistakable,1,0
See,96,17
Sea,0,2
minus,1,1
script.,0,1
Maestro,0,1
Instead,0,3
Correct,1,0
Staying,0,1
strength,5,0
Flight,0,1
often.,0,1
latter,2,0
FYI,1,1
nobody,3,6
Frozen,2,0
DOMINATED,1,0
Luca,1,1
horrible.,1,2
Side,1,0
swim.,2,0
Scene,1,0
QB,2,0
sun,1,0
Ridge,0,1
lessons.,1,0
nephew,1,0
Anne,1,0
jam-packed,1,0
European,1,1
resemblance,1,1
sentence,2,0
hrs,1,0
not-so-veiled,0,1
screening,10,5
Real-time,0,1
adequate,1,0
do,92,111
Quick,2,1
nasty,2,0
Husband,1,1
covering,1,0
Stereotypes,3,0
steal,1,1
gripping.,2,1
Jackson,1,0
miserable,0,1
Glory..,1,0
Tension,1,0
away,19,5
afloat,1,0
gentleman,1,0
Water,1,0
Bringing,0,1
co.,2,0
we,0,1
Proud,10,3
handful,2,0
films.,7,0
Philadelphia.,1,0
cow,0,1
ill,2,3
Bring,2,0
Navy,73,30
con,2,1
tough,6,0
Ireland,1,0
speak,4,1
Kerry,1,0
Releasing,0,1
relaxing,1,1
excite,0,1
hubby.,2,0
throughout.,5,1
Night,9,0
air,0,1
attitude.,2,0
voice,1,1
mistake,0,2
cont,2,0
sticker,0,1
Portrayals.,1,0
sting,2,1
Tensest,1,0
Argos.,1,0
stint,0,1
blockbuster,1,1
conclusions.,1,0
perform,2,0
Stop,5,0
Revenge,2,0
wheel,1,0
Diner,0,1
swell,2,0
hang,1,0
rain,0,1
hand,13,2
movie-goers,0,1
Navy-,0,1
wasn't.,1,0
scenario,5,0
possibly,6,0
Mind,1,1
tho,0,22
studying,1,1
photo,1,0
Hanks,960,215
Soundtrack,1,0
KEEN,1,0
shout,3,2
spread,8,1
board,5,0
Thoroughly,4,0
insensitive,1,0
capt,0,1
Alice,1,0
Try,1,0
god.,2,0
Gerard,1,0
Toledo.,1,0
cooler,3,0
country.,1,1
country-,0,1
night,103,39
security,0,5
hill-,1,0
Now.,1,0
justice.,0,1
critique,4,0
congratulate,1,0
tonight.,40,9
phenomenal,48,1
filming,8,1
asking,1,1
Let,17,5
beating,3,0
biopic,1,0
marketing,2,0
kickball,1,0
gets.,2,0
post,1,7
Grad,1,0
cherish,0,1
dilemma,3,0
Make,4,0
float,0,2
profession,1,0
bound,1,0
Bourne,4,1
cry.,12,3
back-to-back,1,0
cries.,2,0
exciting.,0,1
wan,28,0
fight,19,1
way,57,14
brave.,0,1
true-life,2,6
becoming,1,0
Funniest,0,1
Been,6,0
astonished,2,0
true,93,4
transcendent.,1,0
survival-,1,0
braver,1,1
crop,1,0
emotional,104,6
Cream,1,0
Jessie,2,0
Tremendous,2,0
score.,1,0
Malta,1,0
saltwater,1,0
dying,7,1
stake,2,0
bed.,0,1
reality,3,0
interested,0,1
holding,2,1
test,2,3
shrink,0,2
Square.,1,0
TERRORISTS,1,0
welcome,3,0
convincing,4,0
update,0,3
tugboat,0,1
castaway,7,8
Loved.,1,0
INCREDIBLE,0,3
together,5,2
Embarrassed,1,0
classmate,1,0
global,2,0
nope.,1,0
IMHO,2,0
grateful,0,1
battle,3,0
cinema..,1,0
certainly,5,2
zone,0,1
Grandpa,10,0
Bolt,2,0
terror,1,0
Wept,0,1
two-time,5,0
trouble,3,1
blast,1,0
Just,1092,140
PHOTOS,2,0
gun,2,4
WILL,2,0
p,5,0
gut,2,0
guy,23,15
George,1,0
upper,1,0
brave,2,0
regret,3,1
bravo,4,1
cost,2,0
Rich,0,2
Finding,0,1
cargo,0,6
101.,1,0
appear,2,0
uniform,1,0
decade,4,0
Imagine,1,0
Alone,0,1
Along,0,2
appeal,1,0
supporting,9,2
unsure,1,0
Brilliant,24,4
English,0,2
teacher,3,0
change,1,0
Fueling,1,0
Dead,3,0
exiting,1,0
usually,2,0
pillow,1,0
extra,0,1
rarely,423,2
Jeramie,1,0
Felt,4,0
Tiger,1,0
territories,0,1
live,8,4
Cities,1,0
Pity,0,1
recently.,1,0
F,3,1
Inspired,2,1
Lied,2,0
car,0,2
cap,1,0
indescribably,0,1
can,0,2
cam,0,4
Jenn,1,0
cab,2,0
heart,54,6
heard,15,4
Walter,0,1
Considerably,1,0
discussion,1,0
write,0,5
unrealistically,0,1
baseball.,1,0
dominance,0,1
nonstop,0,2
product,0,1
Always,7,0
sacrifice,2,0
bawl,1,0
produce,1,0
hear.,0,1
nomination,21,0
View,1,0
remember,4,0
whenever,0,1
Toss,1,0
Crushing,1,0
Ship,2,0
Shit,2,1
serving,1,0
indeed,5,0
brain,2,0
cold,0,1
still,79,28
cola,0,2
reacting,0,1
years..,1,0
Wait,1,1
biter.,2,0
non,1,0
Norfolk,2,1
-incredible,1,0
nod,5,0
Eureka,1,0
Looked,1,0
half,10,6
not,143,88
son,6,0
discuss,2,0
wont,1,0
Skip,0,1
drop,2,1
Redford,1,2
birthday.,1,0
Milo,1,0
entirely,1,0
em,0,1
el,5,0
en,4,0
BEGGAR,1,0
Museum,2,0
Dude,3,0
yeah,1,8
Guadalajara,1,0
deserved.,0,1
year,106,31
Expected,0,1
et,2,0
happen,3,1
AWESOME.,1,0
space,0,6
irony,1,0
looking,11,7
receiving,1,0
e.,1,0
interesting.,1,1
lugging,0,1
rebel,1,0
Pumped,3,1
obligation,0,1
marine,0,1
inevitable,0,1
card,2,1
care,3,2
show.,1,1
Promise,5,0
watch..,1,0
thankfulness,1,0
Even,13,8
achingly,2,0
There,3,2
flipping,1,0
yourself,0,1
xx,4,0
Hollywood,17,17
Ever,8,2
tomorrow,18,10
sheep,0,1
sheer,2,1
Diamond,1,0
silent,2,2
caught,1,1
well-scripted,1,0
tragic,2,0
puddle,1,0
friend,7,0
mostly,2,8
that,3,3
recommended.,1,0
violence.,1,0
short,2,1
television,1,0
sublime,1,0
premier,1,0
Philadelphia,3,0
slam,1,0
anytime,2,0
recover,1,0
Speechless,6,0
terrific,6,0
end.,16,5
CA.,0,1
begin,2,2
Off,3,1
price,8,1
EVERYTHING.,1,0
Hollywood.,0,1
forever,3,1
gripped.,1,0
Fuck,2,5
typically,1,0
Wee,1,0
Incredible,19,8
while.,7,3
Role,1,0
Wet,0,1
Roll,1,0
crashing,2,0
title,0,1
Kansas,1,0
only,37,21
Newcomer,3,0
Interesting,3,1
seen.,25,8
pumpkin,3,0
LEVEL,0,1
NATIONAL,1,0
truly,31,19
Reviews,4,0
celebrate,5,0
EMOTIONALLY,0,1
Fucking,1,4
THOUGH.,0,1
friends.,1,0
Allen,1,0
husband,7,0
physically,2,0
hurt.,1,3
Crew,13,1
Atlas,3,0
asleep,0,2
Location,2,0
sport,2,0
seekers,2,0
pirating.,0,1
Tear,3,0
Team,4,3
life-boat,0,1
article,3,1
Insane,1,0
talented,0,1
Give,63,2
Escape,2,0
prequel,0,2
Death,1,0
Pictures,2,0
Eager,1,0
Saw.,0,1
Ooh.,0,1
thriller.,5,0
carer,0,1
WORST,0,2
Stick,0,1
developing,0,1
handicapped,0,1
scum,1,0
care.,1,0
Realizing,1,0
favorite.,1,0
Better,2,4
evening,9,1
embrace,1,0
Somali,107,45
somebody,0,3
alright.,4,1
awhile,7,5
worry,6,2
develop,1,0
medic,2,4
nausea-inducing,1,0
figuring,0,7
Touching,0,1
MEAN,1,0
sticker.,724,0
finish,12,1
mentally,1,0
theater,44,21
charger,1,0
NEGOTIATE,1,0
sir..,1,0
am.,0,2
commotion.,0,1
touch,3,0
Might,7,4
WILSON,0,1
Would,2,1
thinking,10,11
improvement,0,1
Execution.,1,0
treatment,2,0
real,83,12
spectacular,11,2
read,9,5
Phillip,3,0
wreck.,3,1
early,0,5
Tour,2,0
listening,2,0
superlative,0,1
amp,247,99
lady,0,2
entertainment.,1,0
Nominee,2,0
Show,3,1
t,2,0
Operation,1,0
Before,19,0
Mark,1,1
duration,1,0
squirm,1,0
twice.,2,0
JUST,1,0
asap,0,1
sixth,1,0
credits,1,0
hectic,1,0
exciting,8,5
throw,1,2
central,0,1
Forgot,3,0
internalize,1,0
Story,5,2
whole.,1,0
statuette,1,1
Congrats,0,1
Add,3,0
bedtime,1,1
nowadays,0,1
log,1,0
prepare,2,0
start,34,8
Birthday,2,1
low,1,0
lot,17,3
you.,7,1
J,1,0
delayed,1,0
Experience,24,0
multitasking,1,0
trying,6,3
Century,1,0
are.,1,0
Moved,1,0
Moves,1,0
describe,6,6
tastes.,0,1
SEEN,4,0
nerd,1,0
Idol,1,0
Jake,4,0
subtext,0,1
Survival,2,0
cinematography,4,3
thought-provoking,2,0
you,4,0
Law,1,0
Intense,33,6
everywhere.,1,0
poor,0,1
Great,140,45
Fields,1,0
-If,1,0
Plymouth,2,0
building,0,1
Mexican,1,0
evening.,3,1
Modern,2,0
Bro,3,1
Critic,1,0
Persuade,1,0
tense,56,2
overseas,0,1
-D,1,0
EXECUTE,1,1
Concur,1,0
month,8,2
-P,0,1
religious,1,0
carpet,32,0
resounding,1,0
very,530,11
horror,4,0
screwdriver,0,1
decide,6,1
tomorrow.,34,2
heaven,1,0
throbbing,2,0
Carpet,2,0
GREAT,16,13
code-named,1,1
fence,6,0
opting,1,0
Grandmother,1,0
Tried,2,0
emotions,0,1
him.,2,0
Govt,0,1
Totally,5,0
addiction.,1,0
ma,4,0
loose,1,1
strong,5,1
reality.,1,0
ahead,4,2
inspired,1,0
exceptionally,1,0
Cant,1,4
emotion.,3,0
family,8,0
CROWN,1,0
jaw-,0,1
ask,1,0
story.,34,1
Male,2,0
Undoubtedly,0,1
yuck,0,1
site,1,0
Bless,1,0
So,74,16
broke,3,1
Battleships,2,0
producing,1,0
Se,1,0
Breathtaking,1,0
Followed,1,0
Afterwards,0,1
SO,19,8
SM,1,0
SA,1,1
history,4,0
boycott,1,0
CAM,0,1
phrase,2,0
Bitter,1,0
Interstate,1,0
Opening,1,1
TENSE,1,0
Fall,5,1
Sort,0,1
fr,1,0
sneak,2,4
fa,1,0
dine-in,0,1
choice,6,0
Deep,1,0
Dramamine,50,2
dream,1,1
though.,2,0
Film,30,2
help,16,7
Definite,2,1
soon,14,2
superb.,2,1
helm,0,5
hell,11,21
kinetic,3,0
compelling.,1,0
speechless.,5,1
OFFICIAL,0,1
Cardinals,1,0
actually,16,21
EVERY,2,1
full.,0,1
Reaction,1,0
EVER.,2,1
yo,0,4
ya,3,5
yr,0,1
KILLS,1,0
fully,4,0
bless,0,7
emotional.,1,0
die,5,4
trailer,5,10
heavy,4,3
house.,1,1
worthy.,2,0
beyond,1,1
event,2,0
Restoring,1,0
emotionally,5,0
miss,7,5
safety,1,0
intensity.,1,0
issue,2,0
ass,1,35
None,0,1
wave-tossed,1,0
even.,2,0
Plaza,1,0
According,11,0
reason,4,16
base,1,0
overshadowing,1,0
put,2,1
heroic,2,1
Fantastic,10,1
Boston,0,4
terrible,1,2
feelings.,1,0
expecting,5,3
Respect,4,0
Kaleb,0,1
Reminded,1,0
elder,1,0
minutes.,2,0
Reminder,1,0
raw.,1,0
horse,2,0
Feels,1,0
station,1,0
collaboration.,1,8
selling,3,0
crap.,1,0
translation,0,1
peers.,1,0
anticipate,1,0
uncanny,2,0
battering,1,0
Spacey,1,1
Julie,0,1
procedural,1,0
deciding,0,2
experience.,4,0
urgently,1,0
Goa,1,0
randomly,0,2
Got,19,11
vulnerable,2,0
lie,9,0
adrift,1,0
performance.,11,3
useless,1,1
Awaiting,0,1
With,30,1
caliber,0,1
quote,1,1
Chief,2,0
The,51,14
raving,2,0
performances,3,0
clear,3,0
Momma,0,1
Ghastly,4,0
clean,0,3
usual,19,3
blend,1,0
u..,1,0
workout.,1,0
hyper,1,0
film..,6,0
AGES,1,0
Somalia.,2,1
booze,0,2
impressively,1,0
retard..,1,0
with.,2,0
justice,2,0
SEALS,5,2
pretty,30,38
heaven.,1,0
albeit,4,0
Somalian,32,16
SEAL.,1,0
Counselor,1,0
Powerful,2,1
AWARD,0,1
IDIOTS,2,0
hype,3,4
x,16,1
throwing,2,1
WONDERFUL,2,0
Mama,1,0
close,5,2
deploying,1,0
wow,19,26
Park,1,1
Part,2,1
VIDEO,0,2
years.,1,5
probably,28,12
vertigo.,1,0
Fighter,1,0
missing,4,0
ranked,0,1
genre,2,0
fluently,0,1
abruptly,0,1
league,3,0
tonight..,2,0
Hard,4,1
sorted.,0,1
forgotten,1,0
seeing.,2,2
Wan,1,1
liked,1,0
header,0,1
Way,2,3
vessel,0,1
Wat,1,0
Was,71,6
War,1,0
Capt.,5,1
Most,5,0
damn,4,17
God,8,12
territory,1,0
empty,1,0
Webb,1,0
dialogue,1,3
success.,0,1
else,13,8
determination,1,0
haunting.,0,1
Late,1,4
Useful,1,0
look,13,20
pacing.,1,0
MM,3,0
while,31,8
Done,1,1
smart,1,0
loot,0,1
pack,14,0
well-acted,1,0
Furthermore,0,1
Movie.,4,1
Racist,4,0
ready,22,6
Esther,1,0
anymore,5,2
Alert,1,1
Extraordinary,1,0
grand,2,0
conflict,2,0
hallway,0,2
used,1,0
Inception.,1,0
Scenes,1,0
Nicest,7,0
haunting,2,0
Strongly,2,0
anxious,1,1
obviously,1,3
savvy,1,0
Girl,1,0
SWIM,4,0
Piracy,7,9
wise.,1,0
teenage,1,0
Aloha,1,0
NAVY,7,0
Tyler,1,0
reviewer,1,0
retirement,1,0
informal,1,0
entirety,0,1
remaining,1,0
motivating,0,1
showing,11,3
Tea,0,1
Billy,6,4
game,13,2
Cincinnati,0,1
provoking,1,0
eek,1,0
Find,2,1
Hey.,1,0
Little,4,0
Go.,2,2
savage,2,2
AMA,33,6
pounding,7,0
Apollo,1,0
minimal,2,0
sympathetic,1,0
run,0,1
rum,2,0
reach,1,0
first-time,3,0
works.,0,1
shine,1,0
faith,6,0
Taylor,1,0
Catherine,0,1
Lion,1,0
Looks,2,0
Disturbing,0,1
silence,2,1
seeing,106,22
visit,1,0
Scale,1,0
A-list,1,0
Oscar-worthy,2,0
Wilson.,1,1
..,5,1
forces.,1,0
himself,1,0
BRILLIANT,2,0
Tommy,1,0
properly,2,0
hail,1,0
dull,1,4
info,2,0
Irish,28,12
Twitter,0,10
Those,4,1
Heroics.,1,0
loving,1,0
similar,2,0
Pirates.,3,1
To,7,1
Above,0,4
Te,0,2
TY,1,0
TV,2,0
A-,1,0
A.,1,0
Promenade,1,0
TO,4,0
nap,0,1
TH,5,0
excellent.,4,4
TA,1,0
draw,3,0
AG,2,0
AF,1,1
AM,2,1
Thought,4,2
T-,0,1
INVESTED,2,0
overlong,1,0
disbelief,2,0
Ah,2,1
Am,3,3
Al,1,4
An,7,0
depth,2,0
At,3,3
Aw,1,0
Village,1,1
Apparently,1,1
True.,1,0
FALL,1,0
go,199,80
Award,2,2
does,1,0
Bet,2,0
Words,1,1
Not,46,17
Nov,0,1
Now,45,15
Canadian,2,0
Celebrity,1,0
telling,2,1
more.,5,2
Feeling,2,1
No.,6,2
PHOTO,1,0
button,0,1
Goodnight,1,1
verdict,1,0
booty,0,2
boots,1,0
jump,1,1
SEAL,5,3
click,0,1
Stellar,3,0
Boys,2,0
America,33,26
commercial,2,0
Greek,0,1
Conducted,37,0
Green,0,1
Camera.,1,0
commendably,1,0
Palace,1,0
chant,4,0
mid-movie.,0,1
Back,11,1
play.,1,0
Arabic,0,1
Wonder,0,1
wig,0,1
Oilers,1,0
foresee,2,0
danger,1,0
win,87,7
manage,0,3
Genius,2,1
wit,3,1
singing,1,0
Rita,1,0
metaphor,1,1
tension-filled,1,0
Papa,0,1
camera,4,2
historically,2,0
beyond.,1,0
tailer,0,1
benchmark,1,0
Wednesday,2,0
charming,2,0
incredible..,1,0
LIKE,1,0
ride,31,1
UCLA,2,0
Video,2,0
meet,7,0
control,2,1
far.,5,5
Encourage,1,0
TOO,3,1
TOM,6,2
wonderful,16,0
Lovely,3,0
Merchant,1,1
Captivated,1,0
vibe,1,0
NHL,1,0
waterproof,0,1
solidifying,31,0
outdid,2,0
British,5,0
Mrs,2,0
prance,0,1
courage.,1,0
While,0,1
Middle,1,0
Guard,1,2
agenda,1,0
camper.,1,0
Wilson,7,10
hand.,1,0
GRAVITY,0,1
including,1,1
costume,1,0
cruise,3,2
Orbiting,0,4
WITH,1,0
Final,7,0
box-office,10,0
outer,0,1
lanes.,0,2
ordeal.,1,0
DEFINITELY,1,0
Execute,8,1
Intensely,0,1
front,4,2
Dear,3,0
endings.,0,1
Agreed.,2,0
EXCELLENT,4,0
shaking,1,4
unwind,0,1
Stadium,1,1
breathtaking.,1,0
mas,1,0
climatic,1,0
special,7,1
secretly,1,0
entertainment,0,2
Season,3,0
time-,1,0
time.,34,8
Utterly,2,0
cause,5,3
completely,9,1
Tomatoes.,1,0
route,1,0
childless,0,1
timer,0,1
keep,14,2
well-directed.,1,0
Enjoyed,11,3
Carib,0,1
situations.,1,0
-this,0,1
list.,2,1
bitch,0,4
quality,15,4
suck,1,0
ASS,1,0
be.,5,0
Shane,1,0
Delivering,0,1
attack,7,2
laughs.,1,0
Saturday.,1,2
final,106,3
prone,1,0
exactly,6,3
R,3,2
overwhelming,2,0
FANTASTIC,3,0
bee,1,0
claim,1,0
Djibouti,1,0
Series,3,0
bare,0,2
amount,1,1
bet,10,0
Richard,40,9
barf,1,0
reg.,0,1
Other,3,0
need,29,24
Awesome.,2,0
bastard,1,0
able,11,1
instance,2,0
Kinda,2,0
truck,1,0
Des,3,0
deploy,0,1
POWERFUL,1,0
moments.,32,0
Tues,1,0
THEIR,1,0
Enter,13,0
awe,10,0
upset,2,0
astonishing,9,0
Wow.,456,9
Ashton.,1,0
emerging,1,0
indoor,0,1
Shakespearean,1,0
Randy,1,0
slow.,0,1
MUST,17,9
winner,8,0
Courage,1,0
Avg.,1,0
alabaster,1,0
overall,1,0
maritime,0,1
BOSS,7,0
pass.,1,0
123,0,2
years,2,1
gray,0,1
talking.,0,1
Forget,0,1
hiring,0,1
shy,1,0
transposition,1,0
Real-Life,38,0
contain,0,2
Rainy,1,0
Question,1,0
Pulsating,1,0
humane,1,0
REALLY,5,3
Good,46,16
horribly,1,0
willpower,1,0
state,2,0
correctly,0,1
Supremely,1,0
hit.,2,1
official.,1,0
key,2,0
Priceless,1,0
precious,1,1
cinematography.,1,1
problem,2,3
monitor,1,0
ten.,1,0
flick.,4,0
career,22,3
Alabama.,3,0
admit,6,0
Woody,8,1
see..,1,0
torn,1,0
Los,0,1
Music,0,2
Low,2,0
sense.,2,0
pin,5,0
Relax,1,3
own.,2,0
TONIGHT,4,0
immense,1,0
slowly,3,0
Bearing,1,0
diabetes.,1,0
novel,1,0
Soars,4,0
harder,1,0
career-left,31,0
Any,0,1
surface,0,1
Pretty,14,3
You,28,1
parts,1,0
picture.,7,8
line-up,1,0
buzz,170,0
effect,1,1
impeccable,1,0
endearing,1,0
transaction,2,0
reflection,1,0
Throwing,1,0
well,88,14
part.,1,0
drone,0,1
Have,41,7
sit-on-the-edge-of-your-seat,1,0
genius..,1,0
ocean-going,1,0
bottom.,1,0
Sunday,5,3
BS,2,0
laurel,0,1
skill,1,0
Bistro,1,0
Despite,1,0
By,5,0
homework,0,1
fate,1,0
Debut,7,0
immediately,1,0
Proof,1,0
England,0,2
Bravo.,3,0
candy,1,0
sissy,2,0
SHIVER,1,0
lose,3,1
page,1,2
shed,1,0
twitter,3,0
warmer,0,1
home,23,9
liking,1,1
accurate.,2,0
before.,4,0
However,1,0
rewarding,1,0
Killed,1,0
inaccurate,2,0
goatee,1,0
Play,2,0
Us,2,0
Uh,0,1
Johnny,5,0
freedom,1,0
UP,0,1
recognized,1,0
UN,1,0
UK,2,1
Throw-back,3,0
Somalians.,0,1
times.,4,0
Approach,0,1
adrenalin,1,0
weepy,1,0
BARKING,0,1
Vegas,4,0
inner,1,0
hr,1,1
effects.,1,0
hi,1,0
Oops,2,0
ha,1,1
eat,5,0
Botany,1,0
sucked.,1,0
eyes.,2,3
piece,9,3
friend.,1,0
penny,0,6
twist,0,1
authority,1,0
contest,1,0
Never,5,2
spellbinding,2,0
Mouth,1,0
jamming,0,1
adrenaline-filled.,1,0
star,9,2
Like,9,2
exceptional.,2,0
yes.,0,1
Suarez,1,0
astounding,5,0
beat.,1,0
Morgan,2,2
N,2,3
using,3,1
Well.,1,1
diagnosis,2,0
PROUD,1,1
protest,0,2
ever.,7,2
Tom.,3,1
HARROWING,1,0
up.,8,5
swag,1,0
buddy,0,2
Exceptional,2,0
Job,3,1
previews.,0,1
sorry,4,8
Pleasantly,1,0
encore.,0,1
cruising,0,1
rescue,6,6
Patch,2,0
smack,0,1
today.,18,5
guys..,1,0
courageous,2,0
vast,1,0
Thomas,2,0
heading,1,0
build-up,1,0
force,9,0
quilt,1,0
me.,15,10
Accent,0,1
likely,1,0
Cinemas,3,1
Theater,3,1
cactus,1,0
even,50,35
Affected,0,1
wreck,2,2
gold.,1,0
rest.,1,0
Put,1,0
new,97,9
ever,186,72
Items,1,0
never,74,32
weirdly,1,0
Ohio,1,0
profitable.,0,1
nail-biting,2,0
dry,6,1
cried.,1,1
X-Men,1,0
credit,1,0
fantastic,66,0
St.,0,1
Also,14,8
moral,3,0
Epic,3,0
watering,1,0
movie.,162,31
movie-,2,0
Moment,0,1
call,9,2
calm,3,0
recommend,105,8
survive,1,1
right.,3,0
type,1,1
tell,12,1
stories.,1,0
posting,0,1
adult,1,0
V,1,0
room,1,1
white-knuckled.,1,0
ticket.,1,0
movies,4,0
foliage,1,0
root,2,0
Lie,10,0
give,24,42
Corporation,1,0
climax,7,1
stressing,1,0
honey,2,0
Autographs,1,0
unforgettable,2,0
Watching,33,11
amazing,485,26
Jack,4,2
Kat,1,0
aboard,0,1
Gritty,1,0
coup,1,0
Bravura,1,0
natch,0,1
All,8,0
attempt,0,4
third,4,6
Ali,1,0
faultless.,2,0
Blue,0,1
Hide,1,0
deck,1,0
Rotten,1,0
down.,2,0
Biggest,1,0
before,0,1
personal,3,0
Unbelievable.,0,1
crew,23,3
better,7,3
JOB,5,0
Birth,1,0
weeks,1,0
Bravery,1,0
combination,1,0
indulge,0,1
week.,10,0
Indeed,1,0
Hats,6,0
Stomach-rolling,1,0
Planning,6,0
Curious,1,2
went,2,2
Check,783,21
luck,2,3
improvise,1,0
Wow,123,25
Woo,1,0
taught,0,1
forgot,1,1
navy,42,14
seats.,2,0
Discovery,9,0
crucial,1,0
nigger,1,0
Muse,24,10
content,0,1
start.,0,5
is.,7,2
Hamburg.,1,0
surprise,8,0
Must,20,18
turning,1,0
resume,0,1
shouting.,1,0
revenge,1,0
Planet,0,1
struggle,5,0
MAN,2,0
loud,0,1
Thrilling,5,3
grade,1,0
hook,2,0
deplete,1,0
immensely,2,0
masterfully,1,0
OUTSTANDING,6,0
Mess,1,0
Desert,2,0
bouncing,0,1
gym,1,0
somewhat,2,0
horn,0,1
Crushes,0,7
spoiler,0,1
anxiety,13,0
Canberra,2,0
Exhausted,2,0
matter,3,2
street,0,1
silly,1,0
speaking,3,0
deserving,2,0
legit.,1,0
mini,0,1
modern,2,0
mind,14,6
mine,1,2
ginger,1,0
all-time,1,1
seen,41,3
seem,5,0
mint,0,1
do.,0,2
NEVER,1,1
chest,0,1
niece,0,1
Directed,1,1
A-M-A-Z-I-N-G,1,0
Knight,5,1
regular,0,1
artifact,1,0
see.,15,7
Alabama,9,8
Jackman.,2,0
don,1,0
Scratch,1,0
medical,1,1
Philippine,1,1
dog,1,2
doe,0,1
Single,1,0
definitely,55,6
pointy,1,0
hunger,1,0
jurisdiction,1,0
brilliance,46,0
ending,39,3
sneaking,1,0
resisting,0,1
explain,0,3
Free,4,0
wearing,0,1
stop,13,8
delirious.,1,0
coast,10,2
Heck,0,2
Wandering,2,0
bat,0,1
bar,2,6
bay,2,1
bag,2,1
bad,6,42
weekend.,10,3
up-coming,1,0
attest,2,0
fascinating,2,0
MOVIE.,1,1
Recommended,7,0
Butler,3,0
voyage,1,0
Run,2,1
finish.,22,1
sorta,1,0
sail,3,0
Took,6,0
Choice,1,0
C,0,1
seen..,3,1
Dusty,1,0
Tribal,1,0
chosen.,0,1
Tracy.,1,0
picking,3,0
Yours,0,1
Otherwise,1,0
hypertension.,0,1
MOVIES,0,1
winos.,1,0
hygiene,0,1
boys.,1,0
Forest,3,1
path,1,0
Gives,1,0
now.,15,3
GUYS.,0,1
Arctic,0,1
tiny,2,1
interest,1,2
lovely,4,0
DD,1,0
idol,2,0
deeper,2,0
CA,1,0
shattering,0,1
personally,2,0
Marines,0,1
CU,1,0
Yank,1,0
Cc,1,0
Ca,26,18
Sushi,1,3
ugly,0,2
near,3,1
mangle,0,1
study,1,0
thought.,0,1
is,1,2
sushi,0,2
it,32,8
iv,0,2
shame,4,0
cant,3,2
in,5,0
grown,2,0
Snaps,4,0
realizing,0,1
material.,1,0
Thrill,1,0
can.,1,0
VT,4,4
Home,2,3
paradise.,1,0
opportunity,3,0
kid,5,0
Va,0,1
cool.,4,0
pooping,1,0
left,5,0
just,242,125
wasteful,0,1
yea,0,2
Fixing,1,0
unfair,0,1
identify,1,0
human,7,0
yep,0,2
yet,49,19
move..,1,0
candidate,2,0
character,5,1
Boss,6,0
arrival.,0,2
News,3,0
save,2,7
ago-,1,0
Muse.,1,0
background,1,0
bad.,5,0
govt,0,1
Overseas,0,7
normal..,1,0
performing,1,0
Are,2,10
Stole,1,0
Nipples,2,0
deal,5,1
somehow,1,0
dead,18,14
dear,0,1
theatrical,1,0
Nobody,1,0
A-mazing,1,0
Quite,2,1
unstable,1,0
Drinking,1,0
Drop,1,0
burn,7,1
Snell,4,0
Participating,15,0
bolt,0,1
super,7,6
Punchline,1,0
location.,0,1
puking,0,1
yelling,0,1
Cheap,1,0
Hearing,1,0
magazine,1,0
afternoon,6,0
status.,1,0
Marley,1,0
for.,2,0
Dallas,1,0
saga-,1,0
down,7,2
Critical,4,0
doctrine,2,0
Unless,0,2
amazingly,8,0
flying,0,1
editor,1,0
DNA,0,1
form,6,0
lie.,1,0
sickest,1,0
Z,1,0
L's..,1,0
Estimates,1,0
economic,2,0
Grateful,0,1
daddy,1,0
propaganda,4,2
classic,7,0
toss,1,2
die.,1,1
ship,22,24
shit,27,5
digital,1,0
RATTLE,1,0
felt,1,0
diet,1,0
HOT,2,0
journey,4,0
reign,4,0
aware,3,0
weekend,21,35
happening,2,0
Color,1,0
Win,1,4
daily,1,0
Second,0,1
teeth,0,3
Keener,0,1
overdue,1,0
skip,1,0
Winning,1,0
mild,1,0
mile,1,0
milk,1,0
hijacked,0,1
seasick,55,4
Evening,0,1
father,4,2
special.,2,0
amaze,5,1
finally,10,4
swoop,2,0
must,2,2
FORREST,2,0
me,42,4
Buddies,1,0
manage.,0,1
defying,0,1
Appendage,1,0
decent.,1,0
din,1,0
did..,1,0
did,0,1
Gayle,1,1
Directing,1,0
magnet,0,1
Crawlers,1,0
excellence,1,1
praise.,2,0
round,7,2
documentary.,1,0
Burlington,2,1
Hear,0,3
Seriously.,0,1
international,5,0
transportation,0,2
movies..,0,1
bloke,1,0
guardian,1,0
makeup,0,1
Russell,1,0
Elissa,2,0
Alyssa,1,0
wait,17,39
box,3,8
boy,12,2
bunch.,1,0
shift,0,2
bow,5,0
here.,2,3
suggestion,0,3
boo,0,6
massage,1,0
genuinely,3,0
breathtaking,6,0
useful,0,1
When,1,0
Whew,4,1
everybody,4,1
aye,4,0
dude,5,6
review.,1,0
Lunch,3,1
going,46,33
Awards,8,0
fellas.,0,1
AMERICA,3,0
forget.,1,1
sharing,1,1
Starring,2,0
downtown,1,0
Brad,2,0
capturing,2,0
fly,1,0
melodrama,0,1
soul,1,0
reviews,1,0
soup,0,1
O'Brien,1,0
growing,1,0
making,15,1
arrive,0,1
guy.,1,0
crazy,6,12
fuck,9,12
drawer,1,0
Score,3,0
Damon,1,0
Sweepstakes,1,0
YOUR,1,0
normalize,0,1
till,4,1
propagandistic,0,1
pure,6,0
sworn,0,1
map,2,0
staying,1,0
max,1,1
mad,0,4
true..,0,1
grow,3,0
man,61,14
maybe,7,12
q,1,0
switch,0,2
Trip,1,1
talk,15,3
cute,1,2
Mississippi,0,1
shaky,2,5
cruel.,1,0
recoup,0,1
pitch,1,0
chills.,1,1
police,1,0
thank,17,5
interesting,14,4
Rain,1,0
focus.,1,0
World,8,1
main,8,3
killer,4,0
lunch,1,0
touching,5,0
She,2,0
Closing,1,0
bullshit,4,0
kids.,0,2
beach,0,1
Simply,4,0
rock,6,4
hijack,1,0
brews,0,1
determined.,0,1
girl,15,5
living,8,0
3rd,8,0
correct,1,1
Stone,6,0
Chasing,10,0
G,2,0
Sometimes,3,0
pumping,4,1
AMAZE,1,0
advance,1,1
Walking,2,1
Already,0,1
language,5,2
Being,1,0
headphones,1,0
thing,6,15
Bake,1,0
think,71,53
first,36,9
Warship,1,0
long,81,58
carry,2,0
Probably,5,2
Pirate,15,2
little,16,17
anyone,17,12
Completely,3,1
Comeback,1,0
Post,1,0
mermaid,1,0
eyes,1,0
11,1,0
sailing,0,3
were,2,0
gigantic,1,0
1.,0,1
DO,3,0
DJ,1,0
topics,1,0
seal,8,0
Do,26,20
Di,1,0
De,1,1
potential,1,0
Perfection,0,1
performance,669,18
Parrot,0,1
normal,3,1
track,0,2
voice.,0,1
barrage,0,1
wind.,1,0
especially,12,0
surprising,2,0
order,1,0
alone.,1,1
rating,4,0
shot,1,2
show,29,4
Barry,1,0
Demons,4,0
therapist,2,0
Wondering,0,1
We,6,2
treasure,5,0
black,1,3
travesty,0,1
get,488,58
hostage,4,9
Sleepless,0,1
Large,1,0
nearly,6,2
chillingly,1,0
HAS,1,0
gem,1,0
Right,3,1
Angel,0,1
morning,3,1
stupid,0,4
source,1,0
silently,1,0
honesty,1,0
seat,73,5
Hopefully,0,1
wonder,8,4
Seafarers.,1,0
amateur.,0,1
enough,3,4
reading,4,0
FOR,0,1
unbelievable.,2,1
killing,0,3
real-life,1,5
sea.,1,2
enthralling,0,1
dates,1,0
EPIC,1,2
rugby,1,0
dedicate,1,0
tour,8,0
Taught,1,0
spare,1,0
sick..,1,0
comprehend,2,0
considering,3,1
unusual,1,0
Sure,1,1
BETTER,1,0
Tense,9,0
Exciting,1,0
shopping,1,1
spending.,0,1
Points,3,0
wake,1,0
Learn,3,0
Action,2,1
hardcore,1,0
sound,18,0
Somehow,0,1
Fri.,2,0
ratchet,1,0
cock,1,0
Dave.,2,0
them,1,1
according,15,0
middle,4,2
wisely,0,1
different,6,1
harsh,1,0
paw,0,1
pay,4,6
same,5,3
speech,3,0
Machete,1,0
Disappointed,1,0
Barcelona,1,0
companion,1,0
running,3,1
Unreal,24,2
totally,19,5
standout.,0,1
largely,1,0
amazed,1,0
inaccurate.,1,0
money,8,9
SPEECHLESS,0,1
leeway,1,0
aspect,2,0
Although,50,1
grip,1,0
wife.,3,0
Island,1,0
mom,19,3
Tackled,2,0
pirates..,1,1
career.,2,3
Streaming,1,0
audience,28,2
London,1,0
either,0,1
robbery,0,3
Dress,0,2
Savoy,1,0
Somalis,17,12
AC,0,1
Amazing,66,15
Somalia,51,17
Dr.,7,0
New,18,4
octane,1,0
Mel,1,0
Men,1,0
Met,2,1
subtlest,1,0
claustrophobia,1,0
Somali-,3,0
T.,1,0
BEST.,1,0
island,1,1
Scared,1,0
violence,2,0
Proves,7,0
out.,2,3
RAND,1,0
Heads,1,0
coupon,0,1
dreaming,2,0
Though,1,0
intense.,17,6
intense-,0,1
sad..,0,1
happen..,1,0
clothes.,1,0
e,2,1
Trailer,1,1
spice,1,0
romantic,0,1
Avg,1,0
Lengthy,1,0
USA,16,14
Farmers,0,1
USN,2,0
deep,3,0
fellow,1,0
girlfriend,2,0
lifetime,5,0
film,453,81
Wicked,0,1
tedious,0,1
again,95,27
personnel,0,1
As,7,1
field,1,0
cast.,3,1
sick.,1,0
planet.,1,1
brandy,1,0
important,4,0
itself.,2,0
awkwardly,0,1
Yeah,4,2
dramatic,6,0
u,30,1
Year,9,0
alright,1,1
cold-hearted,1,0
starting,1,7
SIR,1,0
forget,4,1
movies.,14,5
sunk,1,1
gt,56,32
Skipper,1,0
enjoying,0,1
Partially,1,0
Jeez,1,1
returning,1,0
puffy,0,1
overdone,0,1
fall,3,3
Reveals,2,0
knighthood,1,0
destroyer-,1,0
THIS.,0,1
reminding,5,1
Ring,3,0
Edge-of-your-seat,1,0
neighborhood,0,1
Actually,9,3
Only,7,1
perspective,4,0
lawyer,1,0
further,1,1
Gave,1,0
tribute,2,0
public,2,1
Gift,1,0
NFL,0,1
vale,0,1
Contact,1,0
Whole,2,0
fwd,0,1
airport,2,1
wrenching.,1,0
must-see,8,2
quotient,0,1
Darkness,1,0
clapping,1,0
admission.,2,0
Tears,2,2
Excellent.,2,0
eye,10,1
destination,1,0
two,1,0
Triumphs,2,0
comparing,1,0
splash,1,0
OUR,1,0
Cory,0,1
OUT,1,1
staggering,1,0
American,31,13
contrary.,1,0
grisly,1,0
particular,3,0
gravity.,2,1
town,4,0
hour,3,5
recall,2,0
Hamlet,1,0
remain,2,0
taut,4,0
abandon,3,0
nothing.,1,0
GUNS,0,1
def,1,8
Funny,1,0
compare,5,0
scary.,1,0
share,2,0
hours.,4,0
sharp,1,0
Whitman,1,0
Mustard,0,1
awkward,2,1
Bonding,9,0
awesome..,1,0
ensemble,1,0
Easily,3,0
advice,0,1
genius.,0,1
Elysium,0,1
coming,13,1
Attn,1,0
bleak,1,0
doctor,1,1
responsibility,1,0
pleasure,2,0
playing,18,3
What,29,5
through,0,1
Forces,1,0
existence,2,0
suffer,2,0
thrilling,18,1
LONG,3,0
late,5,8
amaze.,1,0
toes.,1,0
good,279,206
goon,2,0
IRISH,1,0
Bay,1,1
Bad,8,1
Baa,2,0
Mogadishu,1,0
complain,1,0
easily,45,0
watched.,1,1
exquisite,1,0
everyone,54,6
house,0,1
fish,2,4
hard,11,3
idea,0,4
engaging,3,0
Waiting,1,2
flower,1,0
OSCAR,7,0
deft,1,0
Flag,0,1
Ridgefield,0,1
Cool,4,0
bistro,0,1
bully,0,1
EC,1,0
extraordinary,6,0
giveaway,0,16
EU,2,0
BEYOND,5,0
beginning,9,3
Propaganda,1,0
Yankees,1,0
El,2,0
theaters.,4,2
needing,0,1
sarcasm,1,0
done,33,9
Somalian.,0,1
fire,2,0
Okay,4,0
twenty,1,0
5th,1,0
Lights.,1,0
least,2,0
Hands.,1,0
Justin,1,0
wildly,1,0
park,4,1
part,22,15
believe,16,4
john,1,0
pain.,1,0
toe,2,0
Hayride,1,0
Power,2,1
dancing,0,1
majority,0,1
build,1,0
Kim,3,0
commentary,1,0
TRAGEDY,2,0
Kid,2,0
Episode,1,0
DOPE,1,0
Hawaii,1,0
most,0,1
watchable.,1,0
Common,0,2
Fresh,2,0
extremely,13,1
Martini,6,2
Tyler.,1,0
WATCH,3,1
again..,0,1
storyline,1,0
Alexis,0,1
Armageddon,0,1
joining,1,3
sparrow,1,1
relation,1,0
fine,4,2
find,12,7
Poor,0,1
nervous,4,0
ruin,4,2
waiting,3,6
kidnap,0,1
Pool,1,0
prowess,1,0
Thirty,2,0
express,1,0
Favorite,0,1
Thanksgiving,2,0
courage,3,2
racially,1,0
Minneapolis,3,1
tale,1,2
Knoxville,4,0
manly,1,0
forthcoming,0,1
Impressive,0,1
expert,2,0
hungry.,1,0
Terre,2,1
please,4,15
powerhouse,0,1
meal,0,1
King,2,0
Kind,1,0
historical,1,0
brilliant.,14,6
masterful,1,0
Dang,0,2
Makes,12,1
docudrama,4,0
restaurant,0,1
Yea,1,0
annual,2,0
leadership.,1,0
avatar,0,1
Totes,1,0
sparring,1,0
Yep,2,0
Yes,8,3
Shandy,1,0
Yet,2,2
Sidney,1,0
point,2,9
simple,4,0
simply,5,5
throughout,2,0
Disney,1,0
hey.,1,0
raise,2,1
devouring,0,1
trilogy,1,0
creativity,1,0
dropping,0,2
rendering,2,0
honorary,1,0
understand,5,4
metro,0,1
Classic,4,1
solid,8,0
fun,9,4
outstanding.,3,2
century,1,0
Just.,1,0
Seals,12,9
Updated,1,0
some.,1,0
Cedar-Riverside,0,1
yesterday,6,0
nauseous.,0,1
moment,39,5
genuine,2,0
finesse,1,0
spent,1,0
iffy,0,1
y,2,0
entry,0,1
chemistry,3,0
spend,4,3
English.,0,1
matter.,0,1
distracting,1,0
shape,0,2
openly,1,0
circling,0,1
letting,1,0
cup,1,1
marrying,1,0
shouting,1,0
cud,1,0
Christopher,1,0
cum,0,1
easter,1,0
ridiculously,0,4
Did,25,10
big,190,14
YEAH,7,0
Cruel,1,0
biz,0,1
Truth,1,0
YEAR,3,0
bit,19,1
Christian,0,1
jerker,4,0
Whatever,1,1
run-of-the-mill,1,1
Thankful,0,1
Beautifully,1,0
foolish,0,2
often,3,0
Gulf,1,0
absolutely,67,15
magnificent,2,0
back,59,16
GOING,1,0
mirror,1,0
ourselves,1,0
scale,1,0
decision,1,0
stability.,2,0
ANYONE,0,2
pen,0,2
Nothing,4,1
pee,2,0
epic,22,0
good.,40,23
laughing,0,6
Box,16,14
INCONSIDERATE,1,0
cameraman,1,0
denominator,0,2
O,1,0
David,4,2
chanting,0,2
Davis,0,1
PERFORMANCE,1,0
Alvie,0,1
drama,23,0
lesson,1,0
Went,36,14
few,9,8
Entertainment,4,0
Longest,0,1
Excellent,22,2
forward,10,8
translate,1,0
Come,2,2
GAVE,1,0
notch.,1,0
BRUIN,1,0
directed,1,0
real.,1,1
planet,1,5
Theaters,2,0
Ziegfeld,1,0
phenomenal..,1,1
Bigelow,1,0
planing,0,1
constant,0,1
Perhaps,2,0
Terminal,0,1
single,3,4
Land,0,1
Babes,2,0
chance,19,4
May,1,0
Max,6,2
Mormon,2,0
EVERYTHING,1,0
yang,0,1
Mae,1,0
Mad,0,1
happens..,0,1
orders.,1,0
Extremely,4,0
Warming,1,0
Man,15,0
lend,1,0
Cast,21,2
utterly,2,1
stress-ate,1,0
Blown,2,0
Scott,3,0
Blows,2,0
portraying,2,0
happy.,0,1
Surprised,0,1
Someone,5,3
dessert,1,0
Region,1,0
putting,4,0
entire,37,1
mesmerizing,1,1
Remarkable,0,1
charts.,1,0
shock,3,3
relax.,0,1
Quintessential,1,0
Heroic.,1,0
safe.,4,1
Howard,0,1
MOVIE,20,3
Lone,1,0
seat-gripping,0,1
Fast,0,2
maneuvers.,1,0
PRIDE,2,0
giving,1,2
body,3,0
packing,0,1
sink,0,1
talent,4,3
Chinese,1,1
drank,1,0
Download,1,0
Vet,1,0
Phenomenal,9,2
Farah,1,0
private,2,0
KNOW,0,1
composer,1,0
Houseful,1,0
Salute,2,2
Nice,9,6
Driver,19,0
Defamer,0,7
harrowing,3,0
upcoming,0,2
Honest,1,0
train,2,0
tearing,0,1
account,4,0
f,1,0
Period,1,0
unreal,10,2
praise,3,0
closing,2,0
genuine.,1,0
water.,1,0
boner,0,1
HANKS,7,2
hangar,1,0
Yo,4,1
lame,0,1
forest,1,0
Getting,4,1
profile,0,1
awesome.,11,10
ABC,0,2
Stirling,1,0
collection,1,0
EXCITED,1,0
solitude.,2,0
road,1,1
Minnesota,20,0
wow.,5,3
breaths.,1,0
fertile,2,0
bunch,3,2
suspense-driven,2,0
la,4,4
lo,1,0
winning,11,3
Gripped,1,0
heroism,1,9
image,0,1
dad,12,3
Loved,37,15
dam,1,0
ACTOR,1,0
mention,5,1
day,47,12
thrill,3,1
least.,2,0
slipping,0,1
From,3,0
storyteller.,1,0
popping,1,0
defend,1,2
Freezing,0,1
mate,1,0
China,0,1
stud,1,0
reg,0,1
red,1,0
UPDATE,1,0
EXPECT,1,0
Senator,9,0
Grade,1,0
Developed,1,0
Hanging,1,0
waitress,1,0
complete.,1,0
fully-committed,1,0
whoop,1,0
McClain,0,1
Guns,0,1
sadly,0,1
scenes.,1,0
habit,0,1
realistically,2,0
messing,0,1
baby.,0,1
explanation,0,1
Halloween.,1,0
reaffirm,1,0
loved,3,0
edge-of-the-seat,1,0
Thumbs,5,0
DANG,1,0
comfortable,3,0
unlikely,1,0
have,199,192
SUCH,1,0
throat,1,1
apparently,1,0
Pan,2,0
mil,0,3
min,2,5
Couple,1,0
gravity,6,17
mix,1,1
expected.,3,0
Glad,4,3
fantastic.,10,3
tripod,1,0
RIGHT,1,0
GRADE,1,0
gather,2,0
Some,1,0
nominated.,1,0
skinny,2,2
Saturday,3,4
selection,0,1
absorbing,1,0
wonderful.,0,1
humanizing,1,0
Cyrus,1,0
bawling..,0,1
Regal,3,0
Home.,1,0
Worth,7,5
BEST,3,1
inspiring,2,0
Zone.,0,1
York,5,0
Mom,6,3
hijacking,3,2
exceptional,12,0
beat,3,0
rip-off.,0,2
bear,3,0
SONY,7,0
NUMEROUS,0,1
Brilliance,1,0
calling,18,0
mascara,2,1
Broadway,1,0
national,1,0
showdown,1,0
intensity,2,2
FINISH,2,0
Sails,0,1
brunt,0,2
nominations.,1,0
Kudos,21,1
superior,0,3
Study,1,0
S,0,1
PERFORMANCE.,0,1
legit,2,0
empathy,1,0
instant,3,0
joke,1,0
taking,26,2
equal,1,0
Africans.,2,0
purse.,0,1
Shines,5,0
otherwise,3,0
comment,0,1
teasing,1,0
commend,1,0
laugh,1,0
done.,8,1
Smart,1,0
pouring,1,0
Rewards,1,0
tremendous,9,0
Reign,4,0
home.,1,0
WHOA,1,0
define,1,0
Honestly,6,0
general,1,1
Heading,2,1
catchup,3,0
defining,31,0
Hot,1,1
value,0,2
Ferrell,1,0
sister.,0,1
almost,18,5
HOOK,0,2
portray,3,0
Product,0,1
Dope,1,0
go.,0,1
Hoy,1,0
Posted,0,2
Marcus,1,0
kidnapping,2,3
OKAY,1,0
Airport,1,0
fucked,1,0
Order,1,0
shitting,0,1
center,0,2
thought,2,1
position,0,1
Total,2,0
arising,1,0
latest,1,0
LOVED,5,0
coaster,5,0
barking,1,0
clinic,1,1
seats,2,0
protecting,2,0
THRILLER,1,0
test.,0,1
work.,2,0
Friday,12,8
recommending,2,0
add,1,2
Inception,2,0
-and,21,0
match,1,0
wining,1,0
seat.,9,0
Release,3,0
store.,1,0
like,6,12
success,2,0
journalism,1,0
chick,0,1
Fear,0,1
Terrorist,1,0
crazily,0,1
alive,4,2
recommendation,0,2
KING,0,1
Mike,1,0
congress,3,0
esp,2,1
flatmate.,1,0
forgettable,0,1
hose,0,1
stuff.,4,1
stellar,15,1
host,1,0
Planned,1,0
worthy,25,0
KILLED,1,0
hurts.,1,0
waving,1,0
about,1,2
actual,8,0
December,1,0
Gala,2,0
happen.,0,1
drained.,1,0
Tweet,1,13
Two,4,1
guard,2,0
female,0,2
minute.,1,0
Spectacular,2,0
Suzy,1,0
Reckon,0,1
Chile,0,1
November,3,1
Discuss,1,0
Chill,1,0
AGAIN,15,0
buy,5,0
coke,2,1
sequel,1,1
Regretting,0,1
Dem,1,0
match.,1,0
editing,1,0
Def,2,0
Ive,7,1
wise,0,1
glory,1,0
dangerous,1,2
Walk,1,0
Walt,1,1
mushy,0,1
legend.,1,2
minutes,1,2
supreme,1,0
DYING,1,0
shooting,1,0
areas.,1,0
Know,4,0
ledge,1,0
brilliant-realistically,1,0
traumatic,2,0
LOT.,1,0
Corpsman,1,0
yell,0,1
LIFE,2,0
EVERYONE,5,0
Lead,2,0
suspenseful,23,2
sleep,2,3
hating,0,1
hate,2,2
4-star,0,1
tweet,4,4
tween,1,0
MUCH,1,0
tenacity,2,0
G.,1,0
pride,4,1
merchant,0,1
risk,1,0
tears.,4,0
Seattle.,0,1
Henry,9,1
GO,13,7
Sublime,1,0
regret.,2,0
school,3,3
ovation,0,1
venue,0,2
Captive,2,0
Three-peat,4,0
Go,96,36
enjoy,11,0
There.,0,1
created.,1,0
Festival,6,0
nail,4,1
fabulous,4,2
Bummer.,0,1
stressed.,1,0
HONEST,2,0
blue,2,0
Cap,1,0
century.,1,1
Made,15,1
acted.,2,0
Labeling,0,1
aftermath,1,0
non-Disney,0,1
through.,1,2
changed,1,0
Surprisingly,37,0
punishment,1,0
company.,0,1
Riveting,6,1
Support,1,0
breath.,1,0
terrific.,0,1
sea-sick,1,0
Boom,1,0
Sick,1,3
spiky,9,0
Everyman,0,1
preview,3,4
breathe,4,0
Incredible.,3,1
mush,0,1
naive,0,2
muse,1,0
phone,2,3
excellent,58,0
squad,0,2
off.,0,1
shoot,4,0
Crazy,3,1
join,5,0
mi,0,3
dizzy,2,0
entertainer,1,0
shook,3,0
ingenuity,1,0
UNBELIEVABLE,1,0
Lord,2,0
times,1,0
ceremony,1,0
end,94,37
sitting,5,3
Muslims,1,0
Jordan,2,0
Miranda,1,0
badly,0,2
brutalizing,1,0
description,1,0
mess,3,19
lump,0,1
movie..,6,2
Popcorn,1,2
play..,0,1
TOMORROW,1,0
Tough,2,0
trailer..,0,1
Quietest,0,1
complexity,1,0
funniest,1,0
Goodness,1,0
enter,1,2
Beyond,1,2
over,2,1
strangle,0,1
Alpha.,2,0
digest,0,1
Hero,10,0
Kelsey,0,1
Here,9,5
writing,2,1
compelling,6,0
CHILLS,1,0
SAW,2,0
Spain,1,0
terrorists.,1,0
errand-doing.,0,1
powerful,41,1
Spontaneous,2,0
victory,3,0
celebrity,1,0
hank,0,1
group,2,1
Anyone,10,7
Holy,23,16
god,6,5
horseman,0,1
day.,3,1
got,1,4
perception,1,0
free,12,3
masterpiece,6,0
evil,2,0
W,2,0
mastering,1,0
BTW,2,7
Via,1,0
Photo,7,2
heck,1,1
Bandits,0,1
TIME,0,1
already,19,20
too.,4,1
hearing,3,1
Asking,2,0
Excited,9,2
Congress,0,1
Academy,9,0
top,32,10
tow,2,0
fiction,1,7
too,58,29
tom,47,11
role.,3,0
insightful,1,0
hangout,0,1
tool,1,0
serve,1,2
took,2,1
Fun,1,0
reclining,1,0
nominate,2,1
Somalians,3,3
to.,3,0
Portray,1,0
explosive.,1,0
Dying,2,1
talking,9,4
thoroughly,2,1
balling,3,0
Ridiculous,1,1
shelf,0,1
clunky,0,1
though,0,2
visionary,1,0
commanding,1,0
ride.,2,0
Gawker,0,7
freeway,1,0
reputation,1,0
SLEEP,1,0
Want,4,2
entertaining,11,3
Its,3,0
bait,0,1
pops,1,0
earth,1,0
bail,1,0
Captivating,6,0
Big,7,2
shot.,1,1
nervous.,13,1
Bit,1,1
mixture,1,0
Turns,2,0
watch,200,79
blinking,1,0
report,3,0
about.,2,0
boggling,1,0
BEAST,1,0
twice,0,5
situation.,2,0
shots,1,0
Caribbean,3,1
Lego,0,1
resist,1,0
corrupt,0,1
Performance,1,0
game.,2,1
face.,0,1
interviewing,1,0
player.,0,1
Argo.,3,1
finger,1,1
hopefully,1,0
nail-bitingly,1,0
LOVE,11,1
however,2,0
boss,2,3
wear,1,3
dedication,1,0
news,53,3
Heartbreaking.,0,1
Ashely,0,1
adapting,1,0
protect,1,0
fault,0,1
charged..,1,0
legendary.,1,0
near-speechless,1,0
trust,2,2
aback,0,1
bathroom,1,0
incomparable,1,0
been,0,3
quickly,1,0
imaginable.,2,0
beer,3,0
Cry,0,1
bladder,0,1
craft,2,0
catch,3,6
cracker,0,1
n,14,2
lesser,0,1
thousandth,1,0
puked.,0,1
stopping,22,1
Follow,5,0
Ellie,1,0
experience,13,1
Tell,2,1
dad.,0,2
suggest,58,0
yourself.,1,0
complex,1,0
several,1,0
pick,4,4
made.,2,0
re-birth,1,0
ocean,2,4
incapable,0,1
mother,2,0
Sarah,1,0
Lots,2,0
perfect.,1,0
break.,0,2
Photos,3,0
humanity,10,0
gave,4,1
casting,4,1
D,6,3
James,3,1
Taking,6,12
judge,0,1
advanced,1,0
apart,1,0
Heart,6,1
appearing,0,1
gift,2,0
gifted,1,0
America.,3,1
specific,1,0
Heard,5,3
officer,4,0
missed.,1,0
Again,4,0
stereotype,0,2
watching.,6,1
successfully,1,5
Much,1,1
escape,4,0
HA,2,0
Life,4,1
self-effacing,1,0
ice,1,1
everything,24,4
Dave,1,0
Chris,2,3
Ha,1,2
He,39,20
core,1,0
corn,1,0
discount,0,1
newcomer,3,1
plug,1,0
Blew,1,0
cry..,2,0
dinner,17,3
plus,1,0
Still,17,8
Best,81,26
presence,3,0
brother-in-law,1,0
bath,1,0
Terrific,2,1
Sunday.,1,0
Amen,1,0
Tops,1,0
class,13,1
Break,1,0
stuck,1,5
round.,1,0
head,9,4
KNEW,0,1
amateur,0,1
Best.,2,1
stuff..,1,0
uncle,1,0
raft,0,1
Emotional,1,0
Finishing,1,0
GMT,0,5
admiration,2,0
crew.,1,0
Domestic,4,0
adore,1,0
prematurely,1,0
Visceral,1,0
Caught,0,1
nod.,1,1
makeup.,1,0
Carson,0,1
sometime,2,0
believable,5,1
annoying,0,1
trip,5,1
blatantly,0,3
no,3,3
Heartbreaking,1,0
setting,1,0
eternity,0,1
picture,10,0
Effective,1,0
Double,3,3
football,2,0
longer,0,4
serious,8,2
coach,0,1
remarkable,2,0
Matt,2,1
Superb,7,0
remarkably,2,0
displaying,1,0
Today,7,2
Bought,0,1
Dad,3,5
Columbia,1,1
loosely.,1,0
Dan,1,0
Truly,5,0
environment,0,1
charge,0,1
Day,2,0
FULL,0,1
advantage,1,0
playing.,0,1
spellbinding.,2,0
one.,2,0
Ferry,1,0
Speculation,3,0
cool,5,9
Spotted,1,0
impressive,9,1
level,49,2
REVIEW,1,1
Grabs,0,1
brother,5,0
culminating,2,0
quick,1,0
Gravity,116,47
well-done.,1,0
port,0,1
Red,3,1
boats,1,0
stressful,18,0
Champion,1,0
Checking,2,2
debate,0,1
Que,2,0
Nov.,0,1
afterwards.,0,1
Age,0,1
water,7,7
generation.,2,0
baseball,1,0
say.,4,0
standout,2,0
healthy,1,0
ever-wonderful,1,0
Anarchy,1,0
Francesco,1,0
Seen,8,3
weird,1,3
Seek,1,0
Said,3,0
myself.,0,3
Justice,0,1
Grab,1,0
Hostage,2,0
prep,1,0
today,170,4
October,10,0
These,2,0
Indy,0,1
Calling,1,0
three.,1,0
teaser,0,1
Time,14,4
misreading,0,1
and.,1,0
Family,2,1
German,1,0
wrong.,2,0
means.,0,1
handle.,2,0
ferry,1,0
Ground,3,0
unaware.,0,1
stroke,2,0
Props,3,0
Suspension,1,0
Thoroughbred,1,0
BRAVE,0,1
Fantastic.,0,1
Jerk,1,0
sailboat,1,0
recuperating,1,0
unbelievable,11,15
irrational,0,1
cocktail,0,1
yet..,1,0
heartbreaking,1,0
birthday,2,4
unbelievably,4,4
category.,1,0
Exclusive,1,0
INTENSE,6,3
exclusive,3,0
food,6,2
Baddest,1,0
midnight,1,0
mom.,1,0
White,0,2
FILM,2,1
dollars.,0,1
Rules,1,0
happened,0,1
moms,1,0
NIGHT,0,1
heart-wrenching,1,0
execute,2,2
name,2,2
realist,1,0
clutch,0,2
soon.,3,0
realistic,9,1
Watched,25,6
best-incredible,1,0
realism,1,0
preview.,0,1
catching,1,0
MARVELOUS,2,0
obsession,1,1
concur,0,7
Throw,2,0
Nunavut,0,1
recognition.,1,0
Julian,6,0
directing.,2,0
gusto,0,2
motion,10,2
turn,3,1
place,6,4
childhood,1,0
ammo,0,1
blood,4,2
CARRIE,1,0
surviving,1,0
anxiety.,1,0
movie-making,0,1
Start,1,0
doe..,1,0
Stars,1,0
tweets..,2,0
engineer,0,1
gig,1,0
Palmer,0,1
SEE,20,12
terrifying,5,0
Date,28,7
Such,44,5
white,5,0
insane.,3,0
hug,1,6
cope,2,0
season,16,1
IMO,0,1
eyeopening,1,0
copy,4,1
holder,0,1
wide,33,0
Love,34,8
suspenseful.,3,0
r,1,4
Peterson,1,0
outcome,5,0
desperate,0,2
MONDAY,3,0
fall.,1,1
suspense,14,10
marathon,0,2
ideas,0,1
ideal,1,0
stormer,0,1
sure,43,11
multiple,1,0
GOD,4,1
RECOMMEND,1,0
GOT,1,0
GOP,0,1
pulse-pounding.,2,0
later,11,1
hungry,0,1
Recommendation,1,0
hear,9,2
say..,1,0
quantity,1,0
fulfilled.,1,0
bawling,4,0
urge,1,1
cheat,1,0
cheap,0,2
Recommend,6,1
spacey,1,0
KIDS,2,0
genius,12,3
candy.,1,0
written,1,0
crime,2,1
drama.,2,0
Violence,0,1
expectation,1,0
freaking,6,5
denouement,1,0
hoped.,0,1
stopping.,1,0
discussing,1,0
y'all,5,1
college,1,2
Sniper,1,0
visceral,3,0
Shopping,1,0
Brilliant.,7,0
review,43,37
definite,3,0
Tarzan,1,0
ages.,1,0
comp,7,0
coma,0,1
come,14,11
TODAY,2,1
quiet,2,0
Month,3,0
way.,2,1
Smiling,2,1
duty,1,0
Guess,5,2
HARD,1,0
Note,2,1
amazing.,47,19
polo,0,1
Bad.,1,0
poll,1,0
turkey,0,2
Turbo,0,1
Knew,2,0
peaceful,0,1
helicopter,0,2
featuring,1,0
Hurry,0,1
hardly,1,0
direction,4,0
blessing,1,0
Science.,2,0
WAY,1,0
WAS,3,0
spirit,1,0
case,4,3
myself,2,4
cast,19,2
spotlight.,1,0
life.,3,2
Open,1,0
Slow,0,2
someone,4,10
sides.,1,0
author,1,0
check,5,21
reminder,6,0
week,37,20
barefoot,0,1
applaud,1,0
IS,3,3
IT,9,5
director,7,3
puke,0,1
IN,1,0
goodnight..,1,0
changing,5,0
weep,1,0
Dream,0,1
ID,1,0
IF,1,0
longing,2,0
Is,21,0
It,45,14
without,1,0
In,38,2
model,2,0
reward,1,0
Id,0,1
If,10,8
United,5,1
Blubbering,1,0
actress,1,0
cease,2,1
style.,1,0
halfway,0,1
blow,0,3
blog,9,4
gym.,0,1
Scores,0,4
Ninja,0,1
Spoiler,2,2
Many,3,1
action.,0,1
Enema,0,1
Came,2,2
furniture,0,1
Brave,1,0
Producer,2,0
Bravo,41,4
seem.,1,0
Something,2,0
always,224,2
joking,1,0
lifeboat.,2,0
veracity,1,0
competition,1,0
Master,2,0
Terror,0,1
down..,1,0
Listen,3,0
mood,4,0
legal,2,0
teardrop,1,0
Extreme,1,0
accuracy.,0,1
Later,1,0
choke-sobbed,1,0
pooch,0,1
regards.,1,0
Playing,9,0
Imagining,0,1
on,0,1
jeez,0,1
Esta,1,0
oh,9,4
free.,2,1
Freight,0,1
PHENOMENAL,13,1
op,1,0
Yes.,1,0
rising,1,0
Crunch.,0,1
empathetic,1,0
Opposite,19,0
Defy,1,0
there,16,12
racism,1,0
racist,4,2
mischief,1,0
Remember,1,6
rouse,1,0
faster,0,1
USMC,1,0
applying,1,0
Whoops,1,0
Twin,1,1
grass,0,1
Boat,0,1
strongly,9,0
toilet,0,1
cinema,54,5
taste,1,1
words.,4,0
anti-piracy,1,0
spoiler.,0,1
Homeland,1,0
hit,1,3
idiot,0,1
deserve,8,2
director.,2,0
Dark,3,1
Darn,1,0
really,99,46
Dare,1,0
finale,2,0
CNN,7,1
Face,1,0
thematic,2,0
applause,4,0
wife,11,3
Runner,0,2
invest,0,1
exhausting,2,0
Likely,2,0
Fame,1,0
all,7,0
southland,1,0
lack,3,0
son.,0,1
seals,0,1
follow,3,0
glimpse,0,2
acting,112,40
DESERVES,0,1
Gravity.,5,0
presentation,2,0
decision.,1,0
woman,7,4
Shit.,1,1
far,43,27
fat,1,1
ouch,1,0
seal-,21,0
fan,4,8
awful,0,1
ticket,5,3
list,13,5
Kathryn,1,0
overuse,0,1
salute,4,1
flick,12,6
Filmed,1,0
direction.,1,0
ten,3,1
tee,2,0
synergy,2,0
should.,1,0
East,8,0
option.,0,1
sue,1,0
sub,0,1
deeply,2,0
anniversary,1,0
crush,1,3
version,3,1
cinemas,1,4
row,5,6
racing,4,3
Rush,9,5
hungover,1,0
Cloudy,1,0
when.,0,1
Anytime,0,3
Semtex,0,1
Alright,1,1
tragedy,1,0
gun.,1,0
naval,1,0
Absolutely,18,1
cinema-,1,0
cinema.,6,2
Forrest,3,4
Toy,0,1
immense.,1,1
Things,1,0
Top,6,1
ALAMO,0,1
Too,2,3
Tom,1023,231
Nigeria,1,0
Standard,0,1
Columbus,4,0
warship,1,0
faint,2,0
Oscar-nomination,1,0
Immediately,1,0
minor,1,0
flat,0,1
screen.,1,0
flag,3,0
Mass,5,0
basically,5,0
known,2,0
glad,6,1
Particularly,1,0
shit.,1,1
tough.,1,1
Inn,0,1
caveat,1,0
v,1,2
Tomorrow,3,0
Intense.,5,1
Benghazi,1,0
Post-Engagement,3,0
desperation,1,0
rather,3,0
breaking,2,1
sandwich,0,1
okay,8,5
reflect,1,0
adventure,1,0
numb,0,1
penitentiary,2,0
Liked,1,0
Everyone,27,10
Seat,1,0
shore,1,0
Sean,1,0
Seal,12,6
music.,0,1
Armed,2,1
essence,1,0
Same,1,0
Oct,1,2
style,2,1
Full,4,1
March,1,0
pray,0,13
already.,0,3
Bowing,1,0
soccer,1,0
might,1,0
contender,5,3
return,3,0
Dominican,0,1
speechless,2,6
Stoked,0,1
party,2,2
best.,7,0
Lbs,0,1
Rah,1,0
Raw,1,1
Reads,1,0
Ready,2,1
difficult,2,0
Ray,6,4
pirates,6,4
weight,2,0
generation,1,0
parts..,0,1
autobiographical,1,0
Mud,1,0
expect,8,0
Reading,1,0
More,2,2
THURSDAY,0,3
phenomenon.,0,1
end..,2,1
hailing,0,3
Banks,2,0
forgive,1,1
Mali,1,1
pirate.,2,0
teach,0,1
pirate-,0,1
People,3,0
Expect,3,2
family.,3,0
Screen,1,0
Huge,1,1
explode.,1,0
Derry,1,0
feel,32,7
fancy,0,1
sailor,1,0
Razorbacks.,0,1
story,131,18
breathless,3,0
script,1,2
impressive.,5,1
leading,1,0
VT.,2,0
Making,2,1
BITCH,1,0
Rubbish,0,1
didn't.,1,0
option,2,0
from.,0,1
USMC.,1,0
immediately.,0,1
king,2,0
kind,5,2
5-star,0,1
double,6,3
Wartime,2,0
coast.,1,0
dang,2,1
risky,1,0
season.,2,0
outstanding,39,0
screening.,1,1
Orange,0,1
Balled,1,0
alike,1,0
awesomeness.,0,1
Finished,0,1
Germany,0,1
buff,2,0
electric,2,0
reckon,1,0
eruption,0,1
Diagnosis,2,0
nothing,9,9
screenwriter,0,2
achievement,1,0
gushy,0,1
yeah.,0,1
notch,4,0
night.,16,1
Perfect,0,1
stomach.,1,0
Lacking,1,0
accurate,4,1
his,1,0
OFF,1,2
Stiff,1,0
Value,1,0
whistle,0,1
b,1,6
longest,0,1
him,1,1
cries,4,0
THIS,5,2
outpouring,1,0
wheeling,3,0
relentless,1,0
life-long,0,1
Ride.,1,0
dumb,0,1
are,224,190
franchise.,2,0
Appleton,0,1
WOW.,2,0
solo,3,0
recently,0,2
Be,5,1
goddamn,1,1
Could,3,2
attention,4,0
humbled.,1,0
days.,2,1
African,3,0
Zara,0,1
bar.,1,0
AND,10,1
c,2,2
Resulting,1,0
sweet,7,0
pirating,1,0
good..,1,2
there.,4,0
political,2,0
due,10,1
strategy,2,0
pa,0,1
Plan,1,0
adoption,1,0
whoa,0,1
woke,2,1
pm,0,1
well-made,1,0
beauty-,1,0
Bloody,6,2
kick,3,0
parents.,2,0
City,2,0
Tip,1,0
Oakley,3,0
rip,0,4
disappointing,3,5
Tim,4,0
frantic,1,0
Tie,1,0
underlining,1,0
away.,11,1
shirt,2,0
Reality-Based,22,0
Oscar.,8,19
Nation,1,0
sell,1,1
Vermont,1,1
GOOD,5,6
Cow,1,0
Ranch,0,1
patriotic,0,1
moving,17,2
Crossing,1,0
YOU,2,2
sweating,1,0
Almost,11,1
people.,2,3
Smyrna,1,0
anybody,1,2
analysis,2,0
Oscars,7,3
edge,77,3
inspirational,4,0
T,1,0
Seems,1,0
Counter-Piracy,1,0
Show.,1,0
Wonderful,1,0
Volcano,1,0
Taken,0,1
awake.,1,0
continent,1,0
Jackpot,1,0
Demons.,3,0
Hands,3,0
Front,0,1
Last,15,2
analogy,0,1
question.,1,0
Thor,2,14
Definitely,37,9
Ma,1,0
Landmark,0,1
Yemen,1,0
distrust,1,0
nipple,0,1
fucking,11,28
imagery.,1,0
streaming,11,0
WINNER,4,0
crisis,2,0
Fund,1,0
Anybody,2,0
aloft,2,0
GOODNESS,0,1
intense,210,8
Ron,0,2
ordeal,0,1
tearjerker,2,0
range,1,0
youthful,2,0
mommy,0,1
Everything,13,9
momma,2,0
impressed,1,0
A-freaking-MAZING.,0,1
question,4,1
fast,2,1
Every,3,0
conceivable,1,0
Sensational,0,2
Ms.,1,0
Franklin,1,0
Heart-throbbing,1,0
junior,1,0
raising,1,0
Ever.,0,1
FUCK.,1,0
Leos,1,0
Cruise,0,1
etc.,1,0
dill,0,1
worthwhile,0,1
gunpoint,0,1
warning,0,1
NOT.,1,0
disappoints,2,1
rainy,2,0
nice,18,3
understatement,1,0
tear-jerking,1,0
Letterman,2,2
back.,4,0
TAKE,1,0
narrative,2,1
disappoint.,2,1
once,11,4
LA.,1,0
dusted.,1,0
gang,1,1
Filth,1,0
issues,1,0
Screenwriter,3,0
Marvin,1,0
Hanks.,42,7
Hanks-,2,0
stable,1,0
include,1,10
sniper,0,1
breathing,6,5
mainstream,1,0
Nubs,1,0
P,3,2
bounding,2,0
MAN.,1,0
Enjoy,2,3
Competition,0,7
outdo,1,0
someday,0,1
gripping,43,0
DELIVERING,1,0
fold,0,1
State,3,8
fisherman.,0,1
showcase,3,0
Seal.,1,0
Link,1,0
Resonated,1,0
Line,0,2
Former,1,0
chose,0,1
Obviously,0,1
Yul,1,0
sexy,3,4
survivor,1,0
Insanely,1,1
leaving,2,1
undying,0,1
Robert,1,0
confession,0,1
Ships,2,1
HAIL,1,0
Safety,0,1
Seals.,2,0
apply,0,1
-Dom,1,0
unprovoked,0,1
use,16,0
from,1,0
fen,1,0
modicum,0,1
sort,0,1
clever,1,0
hard.,0,1
porch,1,0
impress,1,0
Volleyball,0,1
faultless,1,0
Guy,2,0
ALL,2,0
midterm,0,1
ALE,0,2
critic,1,0
anywhere,0,2
bittersweet,1,0
Ass.,1,0
Seafarers,2,0
Feature,0,2
income..,1,0
something,10,8
tab,1,0
Party,0,1
Australian,0,1
sis,2,0
sir,10,0
sit,2,8
MOTHER,1,0
instead,9,5
panic,2,0
sweat,1,3
tension,12,5
attend,1,0
wrist,0,1
moving.,2,0
Reserved,0,1
light,3,0
interrupted,0,1
honestly,3,5
BRAVO,3,1
martini,1,0
reeling,1,0
Amazingly,1,0
whilst,1,0
raw,3,0
lounge,1,0
powerful.,1,1
Thanks.,1,0
permanent,0,1
choose,1,0
orange,0,1
bye,1,0
world.,5,1
flex,0,1
Training,1,0
contention,1,0
material,0,2
negligent,1,0
untouchable,1,0
Can,8,7
Cab,19,0
Nachos,1,0
Grammy,1,0
Summer,0,1
lockjaw,0,1
profound,1,0
yesterday.,0,1
by.,0,2
ship.,0,3
Spencer,1,1
champ,1,1
erratic,0,2
Prospects,2,0
related,1,0
Next,7,1
Which,0,1
out,2,0
RUSH,0,1
Babe,1,0
pointless,0,2
Nearly,3,0
common,2,0
disclose,1,8
This,13,1
WOW,21,6
IMAGINABLE,0,1
Stupid,2,0
Hell,1,1
Amazing.,3,0
g,2,0
FINALLY,2,1
conversation,10,0
4th,2,1
biting,3,1
Contradicting,1,0
insane,56,2
sickness.,1,0
unknown,1,0
accent,2,9
priority,1,0
enough.,1,0
tidbit,0,1
shell,2,0
academy,5,0
Outstanding,423,1
boring,0,1
Peter,2,0
clip,0,1
Veteran,1,0
patch.,1,0
unbearable,0,2
After,5,0
asshole,1,0
Moines,3,0
cracking,2,0
memory.,0,1
Genuinely,1,0
refreshing,1,0
saddest,0,1
Squeezed,1,0
High,1,1
ho,0,1
Everybody,11,1
FUNNY,2,0
word-,1,0
word.,1,0
definitely.,1,0
purely,1,1
planning,1,1
utter,0,1
fear,1,2
toe-to-toe,1,2
feat,0,1
colleagues.,1,0
pirates.,6,3
Shut,0,1
true.,1,1
Catch,2,1
local,7,0
Legend,4,0
watching,83,272
dope,2,10
THO,1,0
words,1,0
THE,13,3
temp,1,0
ended,1,0
AWESOME,10,5
WIN,1,0
Gosh,1,0
view,5,0
knowing,5,0
Thinking,1,2
fantastically,2,0
artsy,1,0
ground.,1,0
Slave,1,0
arguably,1,0
superb,30,1
favor,2,2
baddies.,1,0
crude,0,1
rendition,1,0
bought,0,1
ability,1,1
opening,6,0
joy,1,0
job,89,8
spoil,1,0
withstanding,1,0
super.,1,0
lifeboat,2,1
Bums,1,0
safely,1,0
wall,1,0
THEE,1,0
walk,3,8
Finally,14,4
respect,9,5
Officially,1,0
decent,2,4
storyteller,2,0
choice.,1,0
Jut,1,0
Sandra,2,0
crappy,0,1
environment.,1,0
wow..,1,0
Gutted,1,0
tangible,1,0
fearful,1,0
Halloween,3,2
stunning,4,0
Overheard,1,0
wild,4,2
Taiwan,1,0
scene-he,1,0
thus,1,0
fan.,1,0
fails.,0,1
Hope,16,4
perhaps,1,0
cine,3,1
cross,5,0
member,2,1
residing,1,0
Third,1,6
promo,0,2
premiere,1,0
beast,0,3
student,1,0
warming,1,0
get.,1,0
banging,1,0
fighting,2,1
YEARS,1,1
Moral,0,2
article.,1,0
cameo,1,2
cried,4,2
Powerful.,1,0
recap,4,0
fishing,0,1
Argentina,1,0
marvel.,1,0
now,327,56
Mario,1,0
Far,1,0
Fat,0,1
arresting,1,0
book,7,2
Fan,7,0
inconsequential.,1,0
ski,0,1
racist.,4,0
captivating,7,0
Crew.,1,0
know,54,46
facial,1,0
Puff,1,0
Gabe,1,0
Carrie,11,11
feral,1,0
perpetual,0,2
loser,0,1
sequence,3,0
Sun,1,0
scared,3,1
Jonathan,0,3
lead,11,2
blubbering,0,2
floss,0,1
expensive,3,0
leader,2,0
slut,0,1
Greatly,1,0
Kenya,7,7
stay,7,1
awards.,2,0
rare,2,0
getting,13,7
column,1,0
universe,1,0
himself.,1,0
shipping,6,2
mine.,0,1
Zero,3,0
swear,3,5
sighting,0,1
Really,38,9
own,8,0
promise,1,3
consecutively,0,1
Spears,0,2
calling.,1,0
brilliantly,4,0
TRICKS,1,0
kidding,0,25
directing,6,0
defamer,1,0
Except,0,1
counterparts,0,1
squeeze,0,1
made,3,0
Gold,1,0
protesting,1,0
this.,5,0
record,0,1
goodness,4,0
humanized,0,1
incredible,185,6
haven't..,0,1
Islamic,1,0
other,678,12
sick,9,15
boob,1,3
incredibly,8,1
kinda,3,4
my.,2,0
Musical,1,0
Sparrow,2,1
Site,10,0
ideological,1,0
